country,date,demand,type
AT,2016-01-01,250.0,power
BE,2016-01-01,367.0,power
BG,2016-01-01,151.0,power
CY,2016-01-01,0.0,power
CZ,2016-01-01,47.0,power
DE,2016-01-01,1496.0,power
DK,2016-01-01,70.0,power
EE,2016-01-01,52.0,power
ES,2016-01-01,409.0,power
EU27_2020,2016-01-01,7118.0,power
FI,2016-01-01,84.0,power
FR,2016-01-01,308.0,power
GR,2016-01-01,232.0,power
HR,2016-01-01,43.0,power
HU,2016-01-01,220.0,power
IE,2016-01-01,0.0,power
IT,2016-01-01,2126.0,power
LT,2016-01-01,59.0,power
LU,2016-01-01,0.0,power
LV,2016-01-01,133.0,power
MT,2016-01-01,0.0,power
NL,2016-01-01,716.0,power
PL,2016-01-01,162.0,power
PT,2016-01-01,177.0,power
RO,2016-01-01,0.0,power
SE,2016-01-01,0.0,power
SI,2016-01-01,16.0,power
SK,2016-01-01,0.0,power
AT,2016-02-01,172.0,power
BE,2016-02-01,304.0,power
BG,2016-02-01,102.0,power
CY,2016-02-01,0.0,power
CZ,2016-02-01,30.0,power
DE,2016-02-01,1193.0,power
DK,2016-02-01,36.0,power
EE,2016-02-01,28.0,power
ES,2016-02-01,286.0,power
EU27_2020,2016-02-01,5572.0,power
FI,2016-02-01,61.0,power
FR,2016-02-01,214.0,power
GR,2016-02-01,159.0,power
HR,2016-02-01,40.0,power
HU,2016-02-01,163.0,power
IE,2016-02-01,0.0,power
IT,2016-02-01,1812.0,power
LT,2016-02-01,43.0,power
LU,2016-02-01,0.0,power
LV,2016-02-01,61.0,power
MT,2016-02-01,0.0,power
NL,2016-02-01,559.0,power
PL,2016-02-01,148.0,power
PT,2016-02-01,146.0,power
RO,2016-02-01,0.0,power
SE,2016-02-01,0.0,power
SI,2016-02-01,15.0,power
SK,2016-02-01,0.0,power
AT,2016-03-01,154.0,power
BE,2016-03-01,331.0,power
BG,2016-03-01,100.0,power
CY,2016-03-01,0.0,power
CZ,2016-03-01,10.0,power
DE,2016-03-01,1217.0,power
DK,2016-03-01,39.0,power
EE,2016-03-01,28.0,power
ES,2016-03-01,316.0,power
EU27_2020,2016-03-01,5076.0,power
FI,2016-03-01,56.0,power
FR,2016-03-01,272.0,power
GR,2016-03-01,166.0,power
HR,2016-03-01,33.0,power
HU,2016-03-01,137.0,power
IE,2016-03-01,0.0,power
IT,2016-03-01,1775.0,power
LT,2016-03-01,40.0,power
LU,2016-03-01,0.0,power
LV,2016-03-01,70.0,power
MT,2016-03-01,0.0,power
NL,2016-03-01,0.0,power
PL,2016-03-01,157.0,power
PT,2016-03-01,160.0,power
RO,2016-03-01,0.0,power
SE,2016-03-01,0.0,power
SI,2016-03-01,15.0,power
SK,2016-03-01,0.0,power
AT,2016-04-01,113.0,power
BE,2016-04-01,295.0,power
BG,2016-04-01,47.0,power
CY,2016-04-01,0.0,power
CZ,2016-04-01,18.0,power
DE,2016-04-01,813.0,power
DK,2016-04-01,25.0,power
EE,2016-04-01,15.0,power
ES,2016-04-01,271.0,power
EU27_2020,2016-04-01,4351.0,power
FI,2016-04-01,31.0,power
FR,2016-04-01,234.0,power
GR,2016-04-01,173.0,power
HR,2016-04-01,21.0,power
HU,2016-04-01,104.0,power
IE,2016-04-01,0.0,power
IT,2016-04-01,1444.0,power
LT,2016-04-01,19.0,power
LU,2016-04-01,0.0,power
LV,2016-04-01,0.0,power
MT,2016-04-01,0.0,power
NL,2016-04-01,433.0,power
PL,2016-04-01,147.0,power
PT,2016-04-01,137.0,power
RO,2016-04-01,0.0,power
SE,2016-04-01,0.0,power
SI,2016-04-01,11.0,power
SK,2016-04-01,0.0,power
AT,2016-05-01,29.0,power
BE,2016-05-01,229.0,power
BG,2016-05-01,45.0,power
CY,2016-05-01,0.0,power
CZ,2016-05-01,36.0,power
DE,2016-05-01,0.0,power
DK,2016-05-01,8.0,power
EE,2016-05-01,6.0,power
ES,2016-05-01,330.0,power
EU27_2020,2016-05-01,3373.0,power
FI,2016-05-01,9.0,power
FR,2016-05-01,122.0,power
GR,2016-05-01,180.0,power
HR,2016-05-01,21.0,power
HU,2016-05-01,108.0,power
IE,2016-05-01,0.0,power
IT,2016-05-01,1524.0,power
LT,2016-05-01,17.0,power
LU,2016-05-01,0.0,power
LV,2016-05-01,35.0,power
MT,2016-05-01,0.0,power
NL,2016-05-01,391.0,power
PL,2016-05-01,126.0,power
PT,2016-05-01,148.0,power
RO,2016-05-01,0.0,power
SE,2016-05-01,0.0,power
SI,2016-05-01,9.0,power
SK,2016-05-01,0.0,power
AT,2016-06-01,17.0,power
BE,2016-06-01,244.0,power
BG,2016-06-01,39.0,power
CY,2016-06-01,0.0,power
CZ,2016-06-01,18.0,power
DE,2016-06-01,626.0,power
DK,2016-06-01,18.0,power
EE,2016-06-01,4.0,power
ES,2016-06-01,391.0,power
EU27_2020,2016-06-01,4078.0,power
FI,2016-06-01,8.0,power
FR,2016-06-01,141.0,power
GR,2016-06-01,283.0,power
HR,2016-06-01,10.0,power
HU,2016-06-01,107.0,power
IE,2016-06-01,0.0,power
IT,2016-06-01,1470.0,power
LT,2016-06-01,10.0,power
LU,2016-06-01,0.0,power
LV,2016-06-01,45.0,power
MT,2016-06-01,0.0,power
NL,2016-06-01,316.0,power
PL,2016-06-01,105.0,power
PT,2016-06-01,219.0,power
RO,2016-06-01,0.0,power
SE,2016-06-01,0.0,power
SI,2016-06-01,7.0,power
SK,2016-06-01,0.0,power
AT,2016-07-01,14.0,power
BE,2016-07-01,244.0,power
BG,2016-07-01,38.0,power
CY,2016-07-01,0.0,power
CZ,2016-07-01,27.0,power
DE,2016-07-01,630.0,power
DK,2016-07-01,7.0,power
EE,2016-07-01,4.0,power
ES,2016-07-01,481.0,power
EU27_2020,2016-07-01,4879.0,power
FI,2016-07-01,8.0,power
FR,2016-07-01,191.0,power
GR,2016-07-01,269.0,power
HR,2016-07-01,16.0,power
HU,2016-07-01,118.0,power
IE,2016-07-01,0.0,power
IT,2016-07-01,2010.0,power
LT,2016-07-01,8.0,power
LU,2016-07-01,0.0,power
LV,2016-07-01,36.0,power
MT,2016-07-01,0.0,power
NL,2016-07-01,548.0,power
PL,2016-07-01,63.0,power
PT,2016-07-01,159.0,power
RO,2016-07-01,0.0,power
SE,2016-07-01,0.0,power
SI,2016-07-01,8.0,power
SK,2016-07-01,0.0,power
AT,2016-08-01,10.0,power
BE,2016-08-01,280.0,power
BG,2016-08-01,37.0,power
CY,2016-08-01,0.0,power
CZ,2016-08-01,48.0,power
DE,2016-08-01,0.0,power
DK,2016-08-01,4.0,power
EE,2016-08-01,2.0,power
ES,2016-08-01,420.0,power
EU27_2020,2016-08-01,4136.0,power
FI,2016-08-01,10.0,power
FR,2016-08-01,216.0,power
GR,2016-08-01,229.0,power
HR,2016-08-01,16.0,power
HU,2016-08-01,111.0,power
IE,2016-08-01,0.0,power
IT,2016-08-01,1756.0,power
LT,2016-08-01,0.0,power
LU,2016-08-01,0.0,power
LV,2016-08-01,28.0,power
MT,2016-08-01,0.0,power
NL,2016-08-01,607.0,power
PL,2016-08-01,81.0,power
PT,2016-08-01,273.0,power
RO,2016-08-01,0.0,power
SE,2016-08-01,0.0,power
SI,2016-08-01,8.0,power
SK,2016-08-01,0.0,power
AT,2016-09-01,90.0,power
BE,2016-09-01,327.0,power
BG,2016-09-01,38.0,power
CY,2016-09-01,0.0,power
CZ,2016-09-01,78.0,power
DE,2016-09-01,0.0,power
DK,2016-09-01,8.0,power
EE,2016-09-01,3.0,power
ES,2016-09-01,437.0,power
EU27_2020,2016-09-01,5234.0,power
FI,2016-09-01,11.0,power
FR,2016-09-01,460.0,power
GR,2016-09-01,229.0,power
HR,2016-09-01,20.0,power
HU,2016-09-01,128.0,power
IE,2016-09-01,0.0,power
IT,2016-09-01,2288.0,power
LT,2016-09-01,20.0,power
LU,2016-09-01,0.0,power
LV,2016-09-01,30.0,power
MT,2016-09-01,0.0,power
NL,2016-09-01,695.0,power
PL,2016-09-01,86.0,power
PT,2016-09-01,278.0,power
RO,2016-09-01,0.0,power
SE,2016-09-01,0.0,power
SI,2016-09-01,8.0,power
SK,2016-09-01,0.0,power
AT,2016-10-01,162.0,power
BE,2016-10-01,475.0,power
BG,2016-10-01,67.0,power
CY,2016-10-01,0.0,power
CZ,2016-10-01,87.0,power
DE,2016-10-01,0.0,power
DK,2016-10-01,13.0,power
EE,2016-10-01,18.0,power
ES,2016-10-01,633.0,power
EU27_2020,2016-10-01,6005.0,power
FI,2016-10-01,29.0,power
FR,2016-10-01,560.0,power
GR,2016-10-01,266.0,power
HR,2016-10-01,53.0,power
HU,2016-10-01,148.0,power
IE,2016-10-01,0.0,power
IT,2016-10-01,2230.0,power
LT,2016-10-01,28.0,power
LU,2016-10-01,0.0,power
LV,2016-10-01,85.0,power
MT,2016-10-01,0.0,power
NL,2016-10-01,735.0,power
PL,2016-10-01,153.0,power
PT,2016-10-01,256.0,power
RO,2016-10-01,0.0,power
SE,2016-10-01,0.0,power
SI,2016-10-01,7.0,power
SK,2016-10-01,0.0,power
AT,2016-11-01,247.0,power
BE,2016-11-01,477.0,power
BG,2016-11-01,105.0,power
CY,2016-11-01,0.0,power
CZ,2016-11-01,66.0,power
DE,2016-11-01,0.0,power
DK,2016-11-01,58.0,power
EE,2016-11-01,25.0,power
ES,2016-11-01,674.0,power
EU27_2020,2016-11-01,5768.0,power
FI,2016-11-01,73.0,power
FR,2016-11-01,570.0,power
GR,2016-11-01,246.0,power
HR,2016-11-01,45.0,power
HU,2016-11-01,168.0,power
IE,2016-11-01,0.0,power
IT,2016-11-01,2386.0,power
LT,2016-11-01,66.0,power
LU,2016-11-01,0.0,power
LV,2016-11-01,111.0,power
MT,2016-11-01,0.0,power
NL,2016-11-01,0.0,power
PL,2016-11-01,160.0,power
PT,2016-11-01,277.0,power
RO,2016-11-01,0.0,power
SE,2016-11-01,0.0,power
SI,2016-11-01,14.0,power
SK,2016-11-01,0.0,power
AT,2016-12-01,318.0,power
BE,2016-12-01,515.0,power
BG,2016-12-01,145.0,power
CY,2016-12-01,0.0,power
CZ,2016-12-01,82.0,power
DE,2016-12-01,0.0,power
DK,2016-12-01,47.0,power
EE,2016-12-01,27.0,power
ES,2016-12-01,644.0,power
EU27_2020,2016-12-01,7104.0,power
FI,2016-12-01,66.0,power
FR,2016-12-01,644.0,power
GR,2016-12-01,342.0,power
HR,2016-12-01,61.0,power
HU,2016-12-01,195.0,power
IE,2016-12-01,0.0,power
IT,2016-12-01,2562.0,power
LT,2016-12-01,55.0,power
LU,2016-12-01,0.0,power
LV,2016-12-01,90.0,power
MT,2016-12-01,0.0,power
NL,2016-12-01,837.0,power
PL,2016-12-01,176.0,power
PT,2016-12-01,282.0,power
RO,2016-12-01,0.0,power
SE,2016-12-01,0.0,power
SI,2016-12-01,16.0,power
SK,2016-12-01,0.0,power
AT,2017-01-01,459.0,power
BE,2017-01-01,502.1,power
BG,2017-01-01,188.0,power
CY,2017-01-01,0.0,power
CZ,2017-01-01,74.0,power
DE,2017-01-01,2010.0,power
DK,2017-01-01,67.0,power
EE,2017-01-01,32.0,power
ES,2017-01-01,580.0,power
EU27_2020,2017-01-01,9754.1,power
FI,2017-01-01,84.0,power
FR,2017-01-01,629.0,power
GR,2017-01-01,377.0,power
HR,2017-01-01,87.0,power
HU,2017-01-01,410.0,power
IE,2017-01-01,0.0,power
IT,2017-01-01,2562.0,power
LT,2017-01-01,52.0,power
LU,2017-01-01,0.0,power
LV,2017-01-01,107.0,power
MT,2017-01-01,0.0,power
NL,2017-01-01,927.0,power
PL,2017-01-01,280.0,power
PT,2017-01-01,306.0,power
RO,2017-01-01,0.0,power
SE,2017-01-01,0.0,power
SI,2017-01-01,21.0,power
SK,2017-01-01,0.0,power
AT,2017-02-01,320.0,power
BE,2017-02-01,379.7,power
BG,2017-02-01,127.0,power
CY,2017-02-01,0.0,power
CZ,2017-02-01,52.0,power
DE,2017-02-01,1371.0,power
DK,2017-02-01,57.0,power
EE,2017-02-01,30.0,power
ES,2017-02-01,320.0,power
EU27_2020,2017-02-01,7197.7,power
FI,2017-02-01,73.0,power
FR,2017-02-01,499.0,power
GR,2017-02-01,253.0,power
HR,2017-02-01,67.0,power
HU,2017-02-01,258.0,power
IE,2017-02-01,0.0,power
IT,2017-02-01,2164.0,power
LT,2017-02-01,43.0,power
LU,2017-02-01,0.0,power
LV,2017-02-01,93.0,power
MT,2017-02-01,3.0,power
NL,2017-02-01,658.0,power
PL,2017-02-01,166.0,power
PT,2017-02-01,247.0,power
RO,2017-02-01,0.0,power
SE,2017-02-01,0.0,power
SI,2017-02-01,17.0,power
SK,2017-02-01,0.0,power
AT,2017-03-01,206.0,power
BE,2017-03-01,352.4,power
BG,2017-03-01,98.0,power
CY,2017-03-01,0.0,power
CZ,2017-03-01,34.0,power
DE,2017-03-01,1213.0,power
DK,2017-03-01,37.0,power
EE,2017-03-01,24.0,power
ES,2017-03-01,304.0,power
EU27_2020,2017-03-01,6217.4,power
FI,2017-03-01,58.0,power
FR,2017-03-01,437.0,power
GR,2017-03-01,174.0,power
HR,2017-03-01,39.0,power
HU,2017-03-01,181.0,power
IE,2017-03-01,0.0,power
IT,2017-03-01,1864.0,power
LT,2017-03-01,14.0,power
LU,2017-03-01,0.0,power
LV,2017-03-01,60.0,power
MT,2017-03-01,8.0,power
NL,2017-03-01,658.0,power
PL,2017-03-01,174.0,power
PT,2017-03-01,268.0,power
RO,2017-03-01,0.0,power
SE,2017-03-01,0.0,power
SI,2017-03-01,14.0,power
SK,2017-03-01,0.0,power
AT,2017-04-01,117.0,power
BE,2017-04-01,374.9,power
BG,2017-04-01,64.0,power
CY,2017-04-01,0.0,power
CZ,2017-04-01,22.0,power
DE,2017-04-01,982.0,power
DK,2017-04-01,21.0,power
EE,2017-04-01,22.0,power
ES,2017-04-01,264.0,power
EU27_2020,2017-04-01,5561.9,power
FI,2017-04-01,36.0,power
FR,2017-04-01,347.0,power
GR,2017-04-01,177.0,power
HR,2017-04-01,32.0,power
HU,2017-04-01,172.0,power
IE,2017-04-01,0.0,power
IT,2017-04-01,1731.0,power
LT,2017-04-01,25.0,power
LU,2017-04-01,0.0,power
LV,2017-04-01,55.0,power
MT,2017-04-01,19.0,power
NL,2017-04-01,669.0,power
PL,2017-04-01,171.0,power
PT,2017-04-01,250.0,power
RO,2017-04-01,0.0,power
SE,2017-04-01,0.0,power
SI,2017-04-01,11.0,power
SK,2017-04-01,0.0,power
AT,2017-05-01,33.0,power
BE,2017-05-01,304.9,power
BG,2017-05-01,42.0,power
CY,2017-05-01,0.0,power
CZ,2017-05-01,15.0,power
DE,2017-05-01,909.0,power
DK,2017-05-01,10.0,power
EE,2017-05-01,12.0,power
ES,2017-05-01,338.0,power
EU27_2020,2017-05-01,5089.9,power
FI,2017-05-01,14.0,power
FR,2017-05-01,192.0,power
GR,2017-05-01,220.0,power
HR,2017-05-01,29.0,power
HU,2017-05-01,125.0,power
IE,2017-05-01,0.0,power
IT,2017-05-01,1745.0,power
LT,2017-05-01,18.0,power
LU,2017-05-01,0.0,power
LV,2017-05-01,31.0,power
MT,2017-05-01,21.0,power
NL,2017-05-01,618.0,power
PL,2017-05-01,101.0,power
PT,2017-05-01,303.0,power
RO,2017-05-01,0.0,power
SE,2017-05-01,0.0,power
SI,2017-05-01,9.0,power
SK,2017-05-01,0.0,power
AT,2017-06-01,85.0,power
BE,2017-06-01,268.8,power
BG,2017-06-01,36.0,power
CY,2017-06-01,0.0,power
CZ,2017-06-01,44.0,power
DE,2017-06-01,723.0,power
DK,2017-06-01,6.0,power
EE,2017-06-01,7.0,power
ES,2017-06-01,618.0,power
EU27_2020,2017-06-01,5563.8,power
FI,2017-06-01,5.0,power
FR,2017-06-01,172.0,power
GR,2017-06-01,302.0,power
HR,2017-06-01,34.0,power
HU,2017-06-01,144.0,power
IE,2017-06-01,0.0,power
IT,2017-06-01,2048.0,power
LT,2017-06-01,11.0,power
LU,2017-06-01,0.0,power
LV,2017-06-01,32.0,power
MT,2017-06-01,30.0,power
NL,2017-06-01,559.0,power
PL,2017-06-01,92.0,power
PT,2017-06-01,338.0,power
RO,2017-06-01,0.0,power
SE,2017-06-01,0.0,power
SI,2017-06-01,9.0,power
SK,2017-06-01,0.0,power
AT,2017-07-01,73.0,power
BE,2017-07-01,277.9,power
BG,2017-07-01,36.0,power
CY,2017-07-01,0.0,power
CZ,2017-07-01,73.0,power
DE,2017-07-01,803.0,power
DK,2017-07-01,8.0,power
EE,2017-07-01,8.0,power
ES,2017-07-01,732.0,power
EU27_2020,2017-07-01,6255.9,power
FI,2017-07-01,6.0,power
FR,2017-07-01,285.0,power
GR,2017-07-01,320.0,power
HR,2017-07-01,61.0,power
HU,2017-07-01,147.0,power
IE,2017-07-01,0.0,power
IT,2017-07-01,2234.0,power
LT,2017-07-01,3.0,power
LU,2017-07-01,0.0,power
LV,2017-07-01,30.0,power
MT,2017-07-01,35.0,power
NL,2017-07-01,617.0,power
PL,2017-07-01,100.0,power
PT,2017-07-01,398.0,power
RO,2017-07-01,0.0,power
SE,2017-07-01,0.0,power
SI,2017-07-01,9.0,power
SK,2017-07-01,0.0,power
AT,2017-08-01,69.0,power
BE,2017-08-01,263.3,power
BG,2017-08-01,35.0,power
CY,2017-08-01,0.0,power
CZ,2017-08-01,49.0,power
DE,2017-08-01,682.0,power
DK,2017-08-01,7.0,power
EE,2017-08-01,9.0,power
ES,2017-08-01,690.0,power
EU27_2020,2017-08-01,5698.3,power
FI,2017-08-01,8.0,power
FR,2017-08-01,196.0,power
GR,2017-08-01,345.0,power
HR,2017-08-01,63.0,power
HU,2017-08-01,163.0,power
IE,2017-08-01,0.0,power
IT,2017-08-01,2076.0,power
LT,2017-08-01,5.0,power
LU,2017-08-01,0.0,power
LV,2017-08-01,24.0,power
MT,2017-08-01,36.0,power
NL,2017-08-01,455.0,power
PL,2017-08-01,99.0,power
PT,2017-08-01,415.0,power
RO,2017-08-01,0.0,power
SE,2017-08-01,0.0,power
SI,2017-08-01,9.0,power
SK,2017-08-01,0.0,power
AT,2017-09-01,78.0,power
BE,2017-09-01,272.9,power
BG,2017-09-01,34.0,power
CY,2017-09-01,0.0,power
CZ,2017-09-01,39.0,power
DE,2017-09-01,880.0,power
DK,2017-09-01,9.0,power
EE,2017-09-01,9.0,power
ES,2017-09-01,611.0,power
EU27_2020,2017-09-01,5642.9,power
FI,2017-09-01,11.0,power
FR,2017-09-01,306.0,power
GR,2017-09-01,268.0,power
HR,2017-09-01,46.0,power
HU,2017-09-01,147.0,power
IE,2017-09-01,0.0,power
IT,2017-09-01,1800.0,power
LT,2017-09-01,9.0,power
LU,2017-09-01,0.0,power
LV,2017-09-01,25.0,power
MT,2017-09-01,42.0,power
NL,2017-09-01,596.0,power
PL,2017-09-01,112.0,power
PT,2017-09-01,340.0,power
RO,2017-09-01,0.0,power
SE,2017-09-01,0.0,power
SI,2017-09-01,8.0,power
SK,2017-09-01,0.0,power
AT,2017-10-01,158.0,power
BE,2017-10-01,395.6,power
BG,2017-10-01,53.0,power
CY,2017-10-01,0.0,power
CZ,2017-10-01,38.0,power
DE,2017-10-01,977.0,power
DK,2017-10-01,5.0,power
EE,2017-10-01,21.0,power
ES,2017-10-01,755.0,power
EU27_2020,2017-10-01,6846.6,power
FI,2017-10-01,22.0,power
FR,2017-10-01,570.0,power
GR,2017-10-01,243.0,power
HR,2017-10-01,68.0,power
HU,2017-10-01,194.0,power
IE,2017-10-01,0.0,power
IT,2017-10-01,2119.0,power
LT,2017-10-01,25.0,power
LU,2017-10-01,0.0,power
LV,2017-10-01,50.0,power
MT,2017-10-01,35.0,power
NL,2017-10-01,659.0,power
PL,2017-10-01,170.0,power
PT,2017-10-01,279.0,power
RO,2017-10-01,0.0,power
SE,2017-10-01,0.0,power
SI,2017-10-01,10.0,power
SK,2017-10-01,0.0,power
AT,2017-11-01,244.0,power
BE,2017-11-01,450.1,power
BG,2017-11-01,102.0,power
CY,2017-11-01,0.0,power
CZ,2017-11-01,62.0,power
DE,2017-11-01,1467.0,power
DK,2017-11-01,11.0,power
EE,2017-11-01,26.0,power
ES,2017-11-01,889.0,power
EU27_2020,2017-11-01,8576.1,power
FI,2017-11-01,27.0,power
FR,2017-11-01,572.0,power
GR,2017-11-01,304.0,power
HR,2017-11-01,75.0,power
HU,2017-11-01,318.0,power
IE,2017-11-01,0.0,power
IT,2017-11-01,2566.0,power
LT,2017-11-01,32.0,power
LU,2017-11-01,0.0,power
LV,2017-11-01,57.0,power
MT,2017-11-01,19.0,power
NL,2017-11-01,844.0,power
PL,2017-11-01,178.0,power
PT,2017-11-01,319.0,power
RO,2017-11-01,0.0,power
SE,2017-11-01,0.0,power
SI,2017-11-01,14.0,power
SK,2017-11-01,0.0,power
AT,2017-12-01,233.0,power
BE,2017-12-01,415.4,power
BG,2017-12-01,131.0,power
CY,2017-12-01,0.0,power
CZ,2017-12-01,41.0,power
DE,2017-12-01,1443.0,power
DK,2017-12-01,16.0,power
EE,2017-12-01,31.0,power
ES,2017-12-01,608.0,power
EU27_2020,2017-12-01,7825.4,power
FI,2017-12-01,55.0,power
FR,2017-12-01,480.0,power
GR,2017-12-01,291.0,power
HR,2017-12-01,55.0,power
HU,2017-12-01,303.0,power
IE,2017-12-01,0.0,power
IT,2017-12-01,2333.0,power
LT,2017-12-01,37.0,power
LU,2017-12-01,0.0,power
LV,2017-12-01,57.0,power
MT,2017-12-01,27.0,power
NL,2017-12-01,804.0,power
PL,2017-12-01,190.0,power
PT,2017-12-01,261.0,power
RO,2017-12-01,0.0,power
SE,2017-12-01,0.0,power
SI,2017-12-01,14.0,power
SK,2017-12-01,0.0,power
AT,2018-01-01,258.0,power
BE,2018-01-01,316.0,power
BG,2018-01-01,137.0,power
CY,2018-01-01,0.0,power
CZ,2018-01-01,39.0,power
DE,2018-01-01,1393.0,power
DK,2018-01-01,43.0,power
EE,2018-01-01,40.0,power
ES,2018-01-01,460.0,power
EU27_2020,2018-01-01,7108.0,power
FI,2018-01-01,68.0,power
FR,2018-01-01,168.0,power
GR,2018-01-01,271.0,power
HR,2018-01-01,63.0,power
HU,2018-01-01,296.0,power
IE,2018-01-01,0.0,power
IT,2018-01-01,2126.0,power
LT,2018-01-01,42.0,power
LU,2018-01-01,0.0,power
LV,2018-01-01,81.0,power
MT,2018-01-01,21.0,power
NL,2018-01-01,754.0,power
PL,2018-01-01,194.0,power
PT,2018-01-01,322.0,power
RO,2018-01-01,0.0,power
SE,2018-01-01,0.0,power
SI,2018-01-01,16.0,power
SK,2018-01-01,0.0,power
AT,2018-02-01,289.0,power
BE,2018-02-01,373.0,power
BG,2018-02-01,128.0,power
CY,2018-02-01,0.0,power
CZ,2018-02-01,55.0,power
DE,2018-02-01,1639.0,power
DK,2018-02-01,41.0,power
EE,2018-02-01,42.0,power
ES,2018-02-01,393.0,power
EU27_2020,2018-02-01,7580.0,power
FI,2018-02-01,82.0,power
FR,2018-02-01,460.0,power
GR,2018-02-01,236.0,power
HR,2018-02-01,67.0,power
HU,2018-02-01,302.0,power
IE,2018-02-01,0.0,power
IT,2018-02-01,2077.0,power
LT,2018-02-01,42.0,power
LU,2018-02-01,0.0,power
LV,2018-02-01,107.0,power
MT,2018-02-01,28.0,power
NL,2018-02-01,763.0,power
PL,2018-02-01,187.0,power
PT,2018-02-01,252.0,power
RO,2018-02-01,0.0,power
SE,2018-02-01,0.0,power
SI,2018-02-01,17.0,power
SK,2018-02-01,0.0,power
AT,2018-03-01,225.0,power
BE,2018-03-01,350.1,power
BG,2018-03-01,121.0,power
CY,2018-03-01,0.0,power
CZ,2018-03-01,38.0,power
DE,2018-03-01,1403.0,power
DK,2018-03-01,39.0,power
EE,2018-03-01,43.0,power
ES,2018-03-01,297.0,power
EU27_2020,2018-03-01,6545.1,power
FI,2018-03-01,85.0,power
FR,2018-03-01,319.0,power
GR,2018-03-01,171.0,power
HR,2018-03-01,39.0,power
HU,2018-03-01,251.0,power
IE,2018-03-01,0.0,power
IT,2018-03-01,1916.0,power
LT,2018-03-01,43.0,power
LU,2018-03-01,0.0,power
LV,2018-03-01,96.0,power
MT,2018-03-01,19.0,power
NL,2018-03-01,723.0,power
PL,2018-03-01,192.0,power
PT,2018-03-01,160.0,power
RO,2018-03-01,0.0,power
SE,2018-03-01,0.0,power
SI,2018-03-01,15.0,power
SK,2018-03-01,0.0,power
AT,2018-04-01,47.0,power
BE,2018-04-01,240.2,power
BG,2018-04-01,59.0,power
CY,2018-04-01,0.0,power
CZ,2018-04-01,15.0,power
DE,2018-04-01,708.0,power
DK,2018-04-01,3.0,power
EE,2018-04-01,35.0,power
ES,2018-04-01,275.0,power
EU27_2020,2018-04-01,4074.2,power
FI,2018-04-01,26.0,power
FR,2018-04-01,62.0,power
GR,2018-04-01,184.0,power
HR,2018-04-01,17.0,power
HU,2018-04-01,127.0,power
IE,2018-04-01,0.0,power
IT,2018-04-01,1439.0,power
LT,2018-04-01,14.0,power
LU,2018-04-01,0.0,power
LV,2018-04-01,36.0,power
MT,2018-04-01,18.0,power
NL,2018-04-01,444.0,power
PL,2018-04-01,153.0,power
PT,2018-04-01,161.0,power
RO,2018-04-01,0.0,power
SE,2018-04-01,0.0,power
SI,2018-04-01,11.0,power
SK,2018-04-01,0.0,power
AT,2018-05-01,22.0,power
BE,2018-05-01,265.2,power
BG,2018-05-01,45.0,power
CY,2018-05-01,0.0,power
CZ,2018-05-01,13.0,power
DE,2018-05-01,548.0,power
DK,2018-05-01,3.0,power
EE,2018-05-01,10.0,power
ES,2018-05-01,418.0,power
EU27_2020,2018-05-01,4049.2,power
FI,2018-05-01,3.0,power
FR,2018-05-01,30.0,power
GR,2018-05-01,214.0,power
HR,2018-05-01,17.0,power
HU,2018-05-01,127.0,power
IE,2018-05-01,0.0,power
IT,2018-05-01,1458.0,power
LT,2018-05-01,11.0,power
LU,2018-05-01,0.0,power
LV,2018-05-01,21.0,power
MT,2018-05-01,29.0,power
NL,2018-05-01,491.0,power
PL,2018-05-01,90.0,power
PT,2018-05-01,222.0,power
RO,2018-05-01,0.0,power
SE,2018-05-01,0.0,power
SI,2018-05-01,12.0,power
SK,2018-05-01,0.0,power
AT,2018-06-01,39.0,power
BE,2018-06-01,305.7,power
BG,2018-06-01,41.0,power
CY,2018-06-01,0.0,power
CZ,2018-06-01,21.0,power
DE,2018-06-01,0.0,power
DK,2018-06-01,4.0,power
EE,2018-06-01,9.0,power
ES,2018-06-01,447.0,power
EU27_2020,2018-06-01,4025.7,power
FI,2018-06-01,3.0,power
FR,2018-06-01,73.0,power
GR,2018-06-01,235.0,power
HR,2018-06-01,21.0,power
HU,2018-06-01,115.0,power
IE,2018-06-01,0.0,power
IT,2018-06-01,1598.0,power
LT,2018-06-01,1.0,power
LU,2018-06-01,0.0,power
LV,2018-06-01,35.0,power
MT,2018-06-01,27.0,power
NL,2018-06-01,656.0,power
PL,2018-06-01,86.0,power
PT,2018-06-01,300.0,power
RO,2018-06-01,0.0,power
SE,2018-06-01,0.0,power
SI,2018-06-01,9.0,power
SK,2018-06-01,0.0,power
AT,2018-07-01,47.0,power
BE,2018-07-01,341.4,power
BG,2018-07-01,44.0,power
CY,2018-07-01,0.0,power
CZ,2018-07-01,52.0,power
DE,2018-07-01,787.0,power
DK,2018-07-01,2.0,power
EE,2018-07-01,8.0,power
ES,2018-07-01,466.0,power
EU27_2020,2018-07-01,5923.4,power
FI,2018-07-01,8.0,power
FR,2018-07-01,257.0,power
GR,2018-07-01,273.0,power
HR,2018-07-01,29.0,power
HU,2018-07-01,138.0,power
IE,2018-07-01,0.0,power
IT,2018-07-01,2123.0,power
LT,2018-07-01,0.0,power
LU,2018-07-01,0.0,power
LV,2018-07-01,53.0,power
MT,2018-07-01,38.0,power
NL,2018-07-01,784.0,power
PL,2018-07-01,105.0,power
PT,2018-07-01,360.0,power
RO,2018-07-01,0.0,power
SE,2018-07-01,0.0,power
SI,2018-07-01,8.0,power
SK,2018-07-01,0.0,power
AT,2018-08-01,79.0,power
BE,2018-08-01,359.4,power
BG,2018-08-01,37.0,power
CY,2018-08-01,0.0,power
CZ,2018-08-01,63.0,power
DE,2018-08-01,884.0,power
DK,2018-08-01,8.0,power
EE,2018-08-01,9.0,power
ES,2018-08-01,540.0,power
EU27_2020,2018-08-01,6137.4,power
FI,2018-08-01,34.0,power
FR,2018-08-01,240.0,power
GR,2018-08-01,266.0,power
HR,2018-08-01,44.0,power
HU,2018-08-01,129.0,power
IE,2018-08-01,0.0,power
IT,2018-08-01,2069.0,power
LT,2018-08-01,1.0,power
LU,2018-08-01,0.0,power
LV,2018-08-01,65.0,power
MT,2018-08-01,37.0,power
NL,2018-08-01,814.0,power
PL,2018-08-01,116.0,power
PT,2018-08-01,334.0,power
RO,2018-08-01,0.0,power
SE,2018-08-01,0.0,power
SI,2018-08-01,9.0,power
SK,2018-08-01,0.0,power
AT,2018-09-01,107.0,power
BE,2018-09-01,330.5,power
BG,2018-09-01,39.0,power
CY,2018-09-01,0.0,power
CZ,2018-09-01,44.0,power
DE,2018-09-01,705.0,power
DK,2018-09-01,10.0,power
EE,2018-09-01,10.0,power
ES,2018-09-01,445.0,power
EU27_2020,2018-09-01,5782.5,power
FI,2018-09-01,50.0,power
FR,2018-09-01,207.0,power
GR,2018-09-01,285.0,power
HR,2018-09-01,27.0,power
HU,2018-09-01,139.0,power
IE,2018-09-01,0.0,power
IT,2018-09-01,2183.0,power
LT,2018-09-01,5.0,power
LU,2018-09-01,0.0,power
LV,2018-09-01,53.0,power
MT,2018-09-01,35.0,power
NL,2018-09-01,667.0,power
PL,2018-09-01,104.0,power
PT,2018-09-01,328.0,power
RO,2018-09-01,0.0,power
SE,2018-09-01,0.0,power
SI,2018-09-01,9.0,power
SK,2018-09-01,0.0,power
AT,2018-10-01,159.0,power
BE,2018-10-01,535.5,power
BG,2018-10-01,50.0,power
CY,2018-10-01,0.0,power
CZ,2018-10-01,60.0,power
DE,2018-10-01,1004.0,power
DK,2018-10-01,7.0,power
EE,2018-10-01,18.0,power
ES,2018-10-01,501.0,power
EU27_2020,2018-10-01,6593.5,power
FI,2018-10-01,39.0,power
FR,2018-10-01,390.0,power
GR,2018-10-01,308.0,power
HR,2018-10-01,37.0,power
HU,2018-10-01,179.0,power
IE,2018-10-01,0.0,power
IT,2018-10-01,2075.0,power
LT,2018-10-01,17.0,power
LU,2018-10-01,0.0,power
LV,2018-10-01,60.0,power
MT,2018-10-01,32.0,power
NL,2018-10-01,711.0,power
PL,2018-10-01,147.0,power
PT,2018-10-01,252.0,power
RO,2018-10-01,0.0,power
SE,2018-10-01,0.0,power
SI,2018-10-01,12.0,power
SK,2018-10-01,0.0,power
AT,2018-11-01,247.0,power
BE,2018-11-01,580.6,power
BG,2018-11-01,104.0,power
CY,2018-11-01,0.0,power
CZ,2018-11-01,73.0,power
DE,2018-11-01,1434.0,power
DK,2018-11-01,13.0,power
EE,2018-11-01,25.0,power
ES,2018-11-01,631.0,power
EU27_2020,2018-11-01,7968.6,power
FI,2018-11-01,48.0,power
FR,2018-11-01,496.0,power
GR,2018-11-01,265.0,power
HR,2018-11-01,50.0,power
HU,2018-11-01,252.0,power
IE,2018-11-01,0.0,power
IT,2018-11-01,2175.0,power
LT,2018-11-01,24.0,power
LU,2018-11-01,0.0,power
LV,2018-11-01,81.0,power
MT,2018-11-01,32.0,power
NL,2018-11-01,984.0,power
PL,2018-11-01,184.0,power
PT,2018-11-01,257.0,power
RO,2018-11-01,0.0,power
SE,2018-11-01,0.0,power
SI,2018-11-01,13.0,power
SK,2018-11-01,0.0,power
AT,2018-12-01,328.0,power
BE,2018-12-01,429.7,power
BG,2018-12-01,153.0,power
CY,2018-12-01,0.0,power
CZ,2018-12-01,69.0,power
DE,2018-12-01,1433.0,power
DK,2018-12-01,20.0,power
EE,2018-12-01,36.0,power
ES,2018-12-01,564.0,power
EU27_2020,2018-12-01,7691.7,power
FI,2018-12-01,74.0,power
FR,2018-12-01,331.0,power
GR,2018-12-01,333.0,power
HR,2018-12-01,65.0,power
HU,2018-12-01,314.0,power
IE,2018-12-01,0.0,power
IT,2018-12-01,2107.0,power
LT,2018-12-01,31.0,power
LU,2018-12-01,0.0,power
LV,2018-12-01,89.0,power
MT,2018-12-01,29.0,power
NL,2018-12-01,866.0,power
PL,2018-12-01,200.0,power
PT,2018-12-01,206.0,power
RO,2018-12-01,0.0,power
SE,2018-12-01,0.0,power
SI,2018-12-01,14.0,power
SK,2018-12-01,0.0,power
AT,2019-01-01,353.0,power
BE,2019-01-01,532.2,power
BG,2019-01-01,160.0,power
CY,2019-01-01,,power
CZ,2019-01-01,90.0,power
DE,2019-01-01,1806.0,power
DK,2019-01-01,29.0,power
EE,2019-01-01,43.0,power
ES,2019-01-01,613.0,power
EU27_2020,2019-01-01,,power
FI,2019-01-01,99.0,power
FR,2019-01-01,571.0,power
GR,2019-01-01,416.0,power
HR,2019-01-01,84.0,power
HU,2019-01-01,362.0,power
IE,2019-01-01,0.0,power
IT,2019-01-01,2649.0,power
LT,2019-01-01,45.0,power
LU,2019-01-01,0.0,power
LV,2019-01-01,105.0,power
MT,2019-01-01,33.866,power
NL,2019-01-01,1158.039,power
PL,2019-01-01,217.0,power
PT,2019-01-01,259.0,power
RO,2019-01-01,0.0,power
SE,2019-01-01,0.0,power
SI,2019-01-01,20.0,power
SK,2019-01-01,0.0,power
AT,2019-02-01,264.0,power
BE,2019-02-01,376.0,power
BG,2019-02-01,131.0,power
CY,2019-02-01,,power
CZ,2019-02-01,66.0,power
DE,2019-02-01,1357.0,power
DK,2019-02-01,21.0,power
EE,2019-02-01,28.0,power
ES,2019-02-01,485.0,power
EU27_2020,2019-02-01,,power
FI,2019-02-01,79.0,power
FR,2019-02-01,397.0,power
GR,2019-02-01,275.0,power
HR,2019-02-01,50.0,power
HU,2019-02-01,223.0,power
IE,2019-02-01,0.0,power
IT,2019-02-01,1987.0,power
LT,2019-02-01,33.0,power
LU,2019-02-01,0.0,power
LV,2019-02-01,65.0,power
MT,2019-02-01,26.062,power
NL,2019-02-01,1046.604,power
PL,2019-02-01,190.0,power
PT,2019-02-01,193.0,power
RO,2019-02-01,0.0,power
SE,2019-02-01,0.0,power
SI,2019-02-01,15.0,power
SK,2019-02-01,0.0,power
AT,2019-03-01,139.0,power
BE,2019-03-01,300.8,power
BG,2019-03-01,104.0,power
CY,2019-03-01,,power
CZ,2019-03-01,40.0,power
DE,2019-03-01,1083.0,power
DK,2019-03-01,12.0,power
EE,2019-03-01,43.0,power
ES,2019-03-01,434.0,power
EU27_2020,2019-03-01,,power
FI,2019-03-01,62.0,power
FR,2019-03-01,187.0,power
GR,2019-03-01,195.0,power
HR,2019-03-01,34.0,power
HU,2019-03-01,190.0,power
IE,2019-03-01,0.0,power
IT,2019-03-01,2109.0,power
LT,2019-03-01,28.0,power
LU,2019-03-01,0.0,power
LV,2019-03-01,59.0,power
MT,2019-03-01,25.598,power
NL,2019-03-01,1016.715,power
PL,2019-03-01,184.0,power
PT,2019-03-01,166.0,power
RO,2019-03-01,0.0,power
SE,2019-03-01,0.0,power
SI,2019-03-01,15.0,power
SK,2019-03-01,0.0,power
AT,2019-04-01,110.0,power
BE,2019-04-01,311.3,power
BG,2019-04-01,81.0,power
CY,2019-04-01,,power
CZ,2019-04-01,47.0,power
DE,2019-04-01,939.0,power
DK,2019-04-01,6.0,power
EE,2019-04-01,15.0,power
ES,2019-04-01,571.0,power
EU27_2020,2019-04-01,,power
FI,2019-04-01,32.0,power
FR,2019-04-01,252.0,power
GR,2019-04-01,210.0,power
HR,2019-04-01,27.0,power
HU,2019-04-01,160.0,power
IE,2019-04-01,0.0,power
IT,2019-04-01,1913.0,power
LT,2019-04-01,17.0,power
LU,2019-04-01,0.0,power
LV,2019-04-01,35.0,power
MT,2019-04-01,26.48,power
NL,2019-04-01,869.498,power
PL,2019-04-01,165.0,power
PT,2019-04-01,222.0,power
RO,2019-04-01,0.0,power
SE,2019-04-01,0.0,power
SI,2019-04-01,12.0,power
SK,2019-04-01,0.0,power
AT,2019-05-01,26.0,power
BE,2019-05-01,287.2,power
BG,2019-05-01,48.0,power
CY,2019-05-01,,power
CZ,2019-05-01,33.0,power
DE,2019-05-01,900.0,power
DK,2019-05-01,9.0,power
EE,2019-05-01,12.0,power
ES,2019-05-01,765.0,power
EU27_2020,2019-05-01,,power
FI,2019-05-01,19.0,power
FR,2019-05-01,237.0,power
GR,2019-05-01,210.0,power
HR,2019-05-01,17.0,power
HU,2019-05-01,127.0,power
IE,2019-05-01,0.0,power
IT,2019-05-01,1767.0,power
LT,2019-05-01,12.0,power
LU,2019-05-01,0.0,power
LV,2019-05-01,41.0,power
MT,2019-05-01,28.968,power
NL,2019-05-01,1063.628,power
PL,2019-05-01,115.0,power
PT,2019-05-01,290.0,power
RO,2019-05-01,0.0,power
SE,2019-05-01,0.0,power
SI,2019-05-01,10.0,power
SK,2019-05-01,0.0,power
AT,2019-06-01,37.0,power
BE,2019-06-01,339.8,power
BG,2019-06-01,39.0,power
CY,2019-06-01,,power
CZ,2019-06-01,75.0,power
DE,2019-06-01,807.0,power
DK,2019-06-01,15.0,power
EE,2019-06-01,7.0,power
ES,2019-06-01,981.0,power
EU27_2020,2019-06-01,,power
FI,2019-06-01,9.0,power
FR,2019-06-01,225.0,power
GR,2019-06-01,292.0,power
HR,2019-06-01,13.0,power
HU,2019-06-01,134.0,power
IE,2019-06-01,0.0,power
IT,2019-06-01,2000.0,power
LT,2019-06-01,10.0,power
LU,2019-06-01,0.0,power
LV,2019-06-01,54.0,power
MT,2019-06-01,33.454,power
NL,2019-06-01,959.123,power
PL,2019-06-01,78.0,power
PT,2019-06-01,349.0,power
RO,2019-06-01,0.0,power
SE,2019-06-01,0.0,power
SI,2019-06-01,9.0,power
SK,2019-06-01,0.0,power
AT,2019-07-01,93.0,power
BE,2019-07-01,380.2,power
BG,2019-07-01,40.0,power
CY,2019-07-01,,power
CZ,2019-07-01,96.0,power
DE,2019-07-01,1038.0,power
DK,2019-07-01,23.0,power
EE,2019-07-01,7.0,power
ES,2019-07-01,1340.0,power
EU27_2020,2019-07-01,,power
FI,2019-07-01,16.0,power
FR,2019-07-01,388.0,power
GR,2019-07-01,373.0,power
HR,2019-07-01,31.0,power
HU,2019-07-01,169.0,power
IE,2019-07-01,0.0,power
IT,2019-07-01,2596.0,power
LT,2019-07-01,9.0,power
LU,2019-07-01,0.0,power
LV,2019-07-01,47.0,power
MT,2019-07-01,35.541,power
NL,2019-07-01,1100.533,power
PL,2019-07-01,118.0,power
PT,2019-07-01,393.0,power
RO,2019-07-01,0.0,power
SE,2019-07-01,0.0,power
SI,2019-07-01,9.0,power
SK,2019-07-01,0.0,power
AT,2019-08-01,136.0,power
BE,2019-08-01,340.4,power
BG,2019-08-01,37.0,power
CY,2019-08-01,,power
CZ,2019-08-01,93.0,power
DE,2019-08-01,999.0,power
DK,2019-08-01,28.0,power
EE,2019-08-01,7.0,power
ES,2019-08-01,1369.0,power
EU27_2020,2019-08-01,,power
FI,2019-08-01,15.0,power
FR,2019-08-01,261.0,power
GR,2019-08-01,344.0,power
HR,2019-08-01,47.0,power
HU,2019-08-01,172.0,power
IE,2019-08-01,0.0,power
IT,2019-08-01,2343.0,power
LT,2019-08-01,9.0,power
LU,2019-08-01,0.0,power
LV,2019-08-01,76.0,power
MT,2019-08-01,39.686,power
NL,2019-08-01,1122.761,power
PL,2019-08-01,139.0,power
PT,2019-08-01,354.0,power
RO,2019-08-01,0.0,power
SE,2019-08-01,0.0,power
SI,2019-08-01,15.0,power
SK,2019-08-01,0.0,power
AT,2019-09-01,179.0,power
BE,2019-09-01,384.3,power
BG,2019-09-01,39.0,power
CY,2019-09-01,,power
CZ,2019-09-01,101.0,power
DE,2019-09-01,1061.0,power
DK,2019-09-01,11.0,power
EE,2019-09-01,7.0,power
ES,2019-09-01,1020.0,power
EU27_2020,2019-09-01,,power
FI,2019-09-01,30.0,power
FR,2019-09-01,392.0,power
GR,2019-09-01,324.0,power
HR,2019-09-01,45.0,power
HU,2019-09-01,184.0,power
IE,2019-09-01,0.0,power
IT,2019-09-01,2300.0,power
LT,2019-09-01,10.0,power
LU,2019-09-01,0.0,power
LV,2019-09-01,99.0,power
MT,2019-09-01,31.039,power
NL,2019-09-01,1162.144,power
PL,2019-09-01,135.0,power
PT,2019-09-01,341.0,power
RO,2019-09-01,0.0,power
SE,2019-09-01,0.0,power
SI,2019-09-01,10.0,power
SK,2019-09-01,0.0,power
AT,2019-10-01,225.0,power
BE,2019-10-01,488.8,power
BG,2019-10-01,40.0,power
CY,2019-10-01,,power
CZ,2019-10-01,103.0,power
DE,2019-10-01,1383.0,power
DK,2019-10-01,16.0,power
EE,2019-10-01,14.0,power
ES,2019-10-01,1053.0,power
EU27_2020,2019-10-01,,power
FI,2019-10-01,43.0,power
FR,2019-10-01,457.0,power
GR,2019-10-01,307.0,power
HR,2019-10-01,72.0,power
HU,2019-10-01,255.0,power
IE,2019-10-01,0.0,power
IT,2019-10-01,2329.0,power
LT,2019-10-01,18.0,power
LU,2019-10-01,0.0,power
LV,2019-10-01,62.0,power
MT,2019-10-01,31.004,power
NL,2019-10-01,1203.305,power
PL,2019-10-01,170.0,power
PT,2019-10-01,355.0,power
RO,2019-10-01,0.0,power
SE,2019-10-01,0.0,power
SI,2019-10-01,14.0,power
SK,2019-10-01,0.0,power
AT,2019-11-01,244.0,power
BE,2019-11-01,490.2,power
BG,2019-11-01,67.0,power
CY,2019-11-01,,power
CZ,2019-11-01,94.0,power
DE,2019-11-01,1495.0,power
DK,2019-11-01,12.0,power
EE,2019-11-01,20.0,power
ES,2019-11-01,763.0,power
EU27_2020,2019-11-01,,power
FI,2019-11-01,48.0,power
FR,2019-11-01,539.0,power
GR,2019-11-01,237.0,power
HR,2019-11-01,56.0,power
HU,2019-11-01,251.0,power
IE,2019-11-01,0.0,power
IT,2019-11-01,1939.0,power
LT,2019-11-01,22.0,power
LU,2019-11-01,0.0,power
LV,2019-11-01,61.0,power
MT,2019-11-01,25.388,power
NL,2019-11-01,1167.376,power
PL,2019-11-01,183.0,power
PT,2019-11-01,298.0,power
RO,2019-11-01,0.0,power
SE,2019-11-01,0.0,power
SI,2019-11-01,15.0,power
SK,2019-11-01,0.0,power
AT,2019-12-01,265.0,power
BE,2019-12-01,365.3,power
BG,2019-12-01,112.0,power
CY,2019-12-01,,power
CZ,2019-12-01,61.0,power
DE,2019-12-01,1356.0,power
DK,2019-12-01,9.0,power
EE,2019-12-01,28.0,power
ES,2019-12-01,557.0,power
EU27_2020,2019-12-01,,power
FI,2019-12-01,51.0,power
FR,2019-12-01,339.0,power
GR,2019-12-01,219.0,power
HR,2019-12-01,50.0,power
HU,2019-12-01,284.0,power
IE,2019-12-01,0.0,power
IT,2019-12-01,1891.0,power
LT,2019-12-01,28.0,power
LU,2019-12-01,0.0,power
LV,2019-12-01,55.0,power
MT,2019-12-01,29.186,power
NL,2019-12-01,1006.936,power
PL,2019-12-01,207.0,power
PT,2019-12-01,255.0,power
RO,2019-12-01,0.0,power
SE,2019-12-01,0.0,power
SI,2019-12-01,15.0,power
SK,2019-12-01,0.0,power
AT,2020-01-01,378.41,power
BE,2020-01-01,457.2,power
BG,2020-01-01,144.853,power
CY,2020-01-01,0.0,power
CZ,2020-01-01,102.48,power
DE,2020-01-01,1596.0,power
DK,2020-01-01,10.582,power
EE,2020-01-01,27.8,power
ES,2020-01-01,667.0,power
EU27_2020,2020-01-01,9895.615,power
FI,2020-01-01,54.0,power
FR,2020-01-01,516.31,power
GR,2020-01-01,341.408,power
HR,2020-01-01,103.8,power
HU,2020-01-01,341.0,power
IE,2020-01-01,267.602,power
IT,2020-01-01,2536.0,power
LT,2020-01-01,29.3,power
LU,2020-01-01,7.007,power
LV,2020-01-01,49.326,power
MT,2020-01-01,37.525,power
NL,2020-01-01,1293.072,power
PL,2020-01-01,199.686,power
PT,2020-01-01,355.419,power
RO,2020-01-01,263.0,power
SE,2020-01-01,2.52,power
SI,2020-01-01,17.416,power
SK,2020-01-01,96.899,power
AT,2020-02-01,212.79,power
BE,2020-02-01,352.4,power
BG,2020-02-01,108.591,power
CY,2020-02-01,0.0,power
CZ,2020-02-01,81.094,power
DE,2020-02-01,1261.0,power
DK,2020-02-01,13.378,power
EE,2020-02-01,25.615,power
ES,2020-02-01,510.0,power
EU27_2020,2020-02-01,7651.694,power
FI,2020-02-01,44.0,power
FR,2020-02-01,280.504,power
GR,2020-02-01,256.093,power
HR,2020-02-01,89.8,power
HU,2020-02-01,282.0,power
IE,2020-02-01,226.559,power
IT,2020-02-01,2017.0,power
LT,2020-02-01,25.4,power
LU,2020-02-01,7.007,power
LV,2020-02-01,49.729,power
MT,2020-02-01,35.719,power
NL,2020-02-01,978.49,power
PL,2020-02-01,203.981,power
PT,2020-02-01,274.948,power
RO,2020-02-01,222.0,power
SE,2020-02-01,2.49,power
SI,2020-02-01,17.049,power
SK,2020-02-01,74.057,power
AT,2020-03-01,191.875,power
BE,2020-03-01,370.1,power
BG,2020-03-01,94.347,power
CY,2020-03-01,0.0,power
CZ,2020-03-01,73.254,power
DE,2020-03-01,1262.0,power
DK,2020-03-01,6.859,power
EE,2020-03-01,25.577,power
ES,2020-03-01,335.0,power
EU27_2020,2020-03-01,6891.6,power
FI,2020-03-01,35.0,power
FR,2020-03-01,256.821,power
GR,2020-03-01,243.939,power
HR,2020-03-01,81.9,power
HU,2020-03-01,230.0,power
IE,2020-03-01,258.26,power
IT,2020-03-01,1704.0,power
LT,2020-03-01,23.7,power
LU,2020-03-01,6.167,power
LV,2020-03-01,40.398,power
MT,2020-03-01,30.082,power
NL,2020-03-01,880.589,power
PL,2020-03-01,196.609,power
PT,2020-03-01,248.432,power
RO,2020-03-01,205.0,power
SE,2020-03-01,2.53,power
SI,2020-03-01,16.595,power
SK,2020-03-01,72.566,power
AT,2020-04-01,84.468,power
BE,2020-04-01,256.0,power
BG,2020-04-01,63.285,power
CY,2020-04-01,0.0,power
CZ,2020-04-01,56.756,power
DE,2020-04-01,904.0,power
DK,2020-04-01,8.379,power
EE,2020-04-01,18.3,power
ES,2020-04-01,369.0,power
EU27_2020,2020-04-01,5315.042,power
FI,2020-04-01,27.0,power
FR,2020-04-01,18.912,power
GR,2020-04-01,229.39,power
HR,2020-04-01,48.4,power
HU,2020-04-01,165.0,power
IE,2020-04-01,276.57,power
IT,2020-04-01,1421.0,power
LT,2020-04-01,14.1,power
LU,2020-04-01,4.299,power
LV,2020-04-01,31.0,power
MT,2020-04-01,27.376,power
NL,2020-04-01,756.975,power
PL,2020-04-01,171.809,power
PT,2020-04-01,155.344,power
RO,2020-04-01,135.0,power
SE,2020-04-01,1.7,power
SI,2020-04-01,12.454,power
SK,2020-04-01,58.525,power
AT,2020-05-01,21.133,power
BE,2020-05-01,319.9,power
BG,2020-05-01,33.315,power
CY,2020-05-01,0.0,power
CZ,2020-05-01,69.967,power
DE,2020-05-01,911.0,power
DK,2020-05-01,5.944,power
EE,2020-05-01,12.0,power
ES,2020-05-01,445.0,power
EU27_2020,2020-05-01,5694.979,power
FI,2020-05-01,36.0,power
FR,2020-05-01,130.55,power
GR,2020-05-01,264.044,power
HR,2020-05-01,72.7,power
HU,2020-05-01,118.0,power
IE,2020-05-01,308.362,power
IT,2020-05-01,1431.0,power
LT,2020-05-01,5.8,power
LU,2020-05-01,3.587,power
LV,2020-05-01,35.444,power
MT,2020-05-01,30.055,power
NL,2020-05-01,939.309,power
PL,2020-05-01,149.171,power
PT,2020-05-01,211.525,power
RO,2020-05-01,67.0,power
SE,2020-05-01,1.43,power
SI,2020-05-01,13.377,power
SK,2020-05-01,59.366,power
AT,2020-06-01,19.734,power
BE,2020-06-01,422.3,power
BG,2020-06-01,31.141,power
CY,2020-06-01,0.0,power
CZ,2020-06-01,90.907,power
DE,2020-06-01,1118.0,power
DK,2020-06-01,24.703,power
EE,2020-06-01,7.5,power
ES,2020-06-01,708.0,power
EU27_2020,2020-06-01,7146.773,power
FI,2020-06-01,36.0,power
FR,2020-06-01,355.806,power
GR,2020-06-01,295.439,power
HR,2020-06-01,72.4,power
HU,2020-06-01,157.0,power
IE,2020-06-01,303.915,power
IT,2020-06-01,1844.0,power
LT,2020-06-01,5.8,power
LU,2020-06-01,2.91,power
LV,2020-06-01,50.66,power
MT,2020-06-01,33.188,power
NL,2020-06-01,1036.964,power
PL,2020-06-01,117.778,power
PT,2020-06-01,281.963,power
RO,2020-06-01,63.0,power
SE,2020-06-01,0.78,power
SI,2020-06-01,7.67,power
SK,2020-06-01,59.215,power
AT,2020-07-01,75.668,power
BE,2020-07-01,526.6,power
BG,2020-07-01,30.64,power
CY,2020-07-01,0.0,power
CZ,2020-07-01,120.195,power
DE,2020-07-01,1229.0,power
DK,2020-07-01,4.279,power
EE,2020-07-01,7.379,power
ES,2020-07-01,1051.0,power
EU27_2020,2020-07-01,8832.019,power
FI,2020-07-01,20.0,power
FR,2020-07-01,365.785,power
GR,2020-07-01,417.126,power
HR,2020-07-01,83.0,power
HU,2020-07-01,169.0,power
IE,2020-07-01,323.485,power
IT,2020-07-01,2451.0,power
LT,2020-07-01,8.6,power
LU,2020-07-01,2.91,power
LV,2020-07-01,20.374,power
MT,2020-07-01,38.28,power
NL,2020-07-01,1242.24,power
PL,2020-07-01,159.719,power
PT,2020-07-01,356.446,power
RO,2020-07-01,58.0,power
SE,2020-07-01,2.0,power
SI,2020-07-01,14.144,power
SK,2020-07-01,55.149,power
AT,2020-08-01,66.282,power
BE,2020-08-01,464.3,power
BG,2020-08-01,31.08,power
CY,2020-08-01,0.0,power
CZ,2020-08-01,106.08,power
DE,2020-08-01,1072.0,power
DK,2020-08-01,2.781,power
EE,2020-08-01,7.651,power
ES,2020-08-01,1004.0,power
EU27_2020,2020-08-01,8568.887,power
FI,2020-08-01,26.0,power
FR,2020-08-01,362.907,power
GR,2020-08-01,387.335,power
HR,2020-08-01,78.3,power
HU,2020-08-01,165.0,power
IE,2020-08-01,327.223,power
IT,2020-08-01,2364.0,power
LT,2020-08-01,9.0,power
LU,2020-08-01,2.557,power
LV,2020-08-01,54.907,power
MT,2020-08-01,39.263,power
NL,2020-08-01,1316.921,power
PL,2020-08-01,161.404,power
PT,2020-08-01,375.184,power
RO,2020-08-01,60.0,power
SE,2020-08-01,2.8,power
SI,2020-08-01,14.703,power
SK,2020-08-01,67.209,power
AT,2020-09-01,77.267,power
BE,2020-09-01,402.2,power
BG,2020-09-01,32.595,power
CY,2020-09-01,0.0,power
CZ,2020-09-01,106.08,power
DE,2020-09-01,1090.0,power
DK,2020-09-01,8.647,power
EE,2020-09-01,8.787,power
ES,2020-09-01,890.0,power
EU27_2020,2020-09-01,8071.407,power
FI,2020-09-01,38.0,power
FR,2020-09-01,358.571,power
GR,2020-09-01,344.076,power
HR,2020-09-01,55.3,power
HU,2020-09-01,175.0,power
IE,2020-09-01,299.297,power
IT,2020-09-01,2376.0,power
LT,2020-09-01,9.3,power
LU,2020-09-01,2.557,power
LV,2020-09-01,36.339,power
MT,2020-09-01,32.642,power
NL,2020-09-01,1030.061,power
PL,2020-09-01,153.132,power
PT,2020-09-01,397.965,power
RO,2020-09-01,59.0,power
SE,2020-09-01,3.2,power
SI,2020-09-01,14.823,power
SK,2020-09-01,70.568,power
AT,2020-10-01,147.739,power
BE,2020-10-01,359.9,power
BG,2020-10-01,53.576,power
CY,2020-10-01,0.0,power
CZ,2020-10-01,79.801,power
DE,2020-10-01,1244.0,power
DK,2020-10-01,7.81,power
EE,2020-10-01,12.317,power
ES,2020-10-01,570.0,power
EU27_2020,2020-10-01,7252.523,power
FI,2020-10-01,41.0,power
FR,2020-10-01,304.095,power
GR,2020-10-01,297.89,power
HR,2020-10-01,90.9,power
HU,2020-10-01,219.0,power
IE,2020-10-01,253.68,power
IT,2020-10-01,1870.0,power
LT,2020-10-01,15.1,power
LU,2020-10-01,2.557,power
LV,2020-10-01,36.005,power
MT,2020-10-01,28.822,power
NL,2020-10-01,904.367,power
PL,2020-10-01,179.617,power
PT,2020-10-01,344.539,power
RO,2020-10-01,90.0,power
SE,2020-10-01,3.0,power
SI,2020-10-01,13.674,power
SK,2020-10-01,83.134,power
AT,2020-11-01,231.839,power
BE,2020-11-01,419.1,power
BG,2020-11-01,97.434,power
CY,2020-11-01,0.0,power
CZ,2020-11-01,135.457,power
DE,2020-11-01,1542.0,power
DK,2020-11-01,11.248,power
EE,2020-11-01,19.3,power
ES,2020-11-01,659.0,power
EU27_2020,2020-11-01,8624.523,power
FI,2020-11-01,49.0,power
FR,2020-11-01,406.374,power
GR,2020-11-01,307.144,power
HR,2020-11-01,90.9,power
HU,2020-11-01,291.0,power
IE,2020-11-01,262.356,power
IT,2020-11-01,2148.0,power
LT,2020-11-01,23.5,power
LU,2020-11-01,8.413,power
LV,2020-11-01,56.466,power
MT,2020-11-01,20.351,power
NL,2020-11-01,1043.249,power
PL,2020-11-01,205.889,power
PT,2020-11-01,316.776,power
RO,2020-11-01,167.0,power
SE,2020-11-01,4.1,power
SI,2020-11-01,19.984,power
SK,2020-11-01,88.643,power
AT,2020-12-01,306.74,power
BE,2020-12-01,466.1,power
BG,2020-12-01,118.546,power
CY,2020-12-01,0.0,power
CZ,2020-12-01,139.927,power
DE,2020-12-01,1759.0,power
DK,2020-12-01,20.359,power
EE,2020-12-01,27.8,power
ES,2020-12-01,615.0,power
EU27_2020,2020-12-01,9244.474,power
FI,2020-12-01,63.0,power
FR,2020-12-01,398.559,power
GR,2020-12-01,371.874,power
HR,2020-12-01,91.6,power
HU,2020-12-01,281.0,power
IE,2020-12-01,272.745,power
IT,2020-12-01,2322.0,power
LT,2020-12-01,32.1,power
LU,2020-12-01,6.67,power
LV,2020-12-01,67.534,power
MT,2020-12-01,25.711,power
NL,2020-12-01,1035.956,power
PL,2020-12-01,247.396,power
PT,2020-12-01,227.182,power
RO,2020-12-01,226.0,power
SE,2020-12-01,4.0,power
SI,2020-12-01,17.247,power
SK,2020-12-01,100.428,power
AT,2021-01-01,314.743,power
BE,2021-01-01,470.5,power
BG,2021-01-01,160.636,power
CY,2021-01-01,0.0,power
CZ,2021-01-01,135.413,power
DE,2021-01-01,1869.0,power
DK,2021-01-01,20.706,power
EE,2021-01-01,34.5,power
ES,2021-01-01,503.602,power
EU27_2020,2021-01-01,9568.255,power
FI,2021-01-01,98.0,power
FR,2021-01-01,427.598,power
GR,2021-01-01,350.769,power
HR,2021-01-01,89.8,power
HU,2021-01-01,340.0,power
IE,2021-01-01,290.392,power
IT,2021-01-01,2372.0,power
LT,2021-01-01,37.6,power
LU,2021-01-01,6.67,power
LV,2021-01-01,86.656,power
MT,2021-01-01,26.759,power
NL,2021-01-01,968.693,power
PL,2021-01-01,275.359,power
PT,2021-01-01,277.389,power
RO,2021-01-01,264.0,power
SE,2021-01-01,4.0,power
SI,2021-01-01,16.08,power
SK,2021-01-01,127.39,power
AT,2021-02-01,243.17,power
BE,2021-02-01,358.7,power
BG,2021-02-01,135.998,power
CY,2021-02-01,0.0,power
CZ,2021-02-01,116.974,power
DE,2021-02-01,1667.0,power
DK,2021-02-01,23.506,power
EE,2021-02-01,39.6,power
ES,2021-02-01,276.427,power
EU27_2020,2021-02-01,7796.205,power
FI,2021-02-01,88.0,power
FR,2021-02-01,302.78,power
GR,2021-02-01,199.768,power
HR,2021-02-01,75.1,power
HU,2021-02-01,264.0,power
IE,2021-02-01,212.415,power
IT,2021-02-01,1929.0,power
LT,2021-02-01,38.8,power
LU,2021-02-01,6.67,power
LV,2021-02-01,81.799,power
MT,2021-02-01,27.039,power
NL,2021-02-01,960.19,power
PL,2021-02-01,250.257,power
PT,2021-02-01,144.665,power
RO,2021-02-01,223.0,power
SE,2021-02-01,3.0,power
SI,2021-02-01,17.613,power
SK,2021-02-01,110.734,power
AT,2021-03-01,226.987,power
BE,2021-03-01,406.9,power
BG,2021-03-01,143.657,power
CY,2021-03-01,0.0,power
CZ,2021-03-01,142.975,power
DE,2021-03-01,1616.0,power
DK,2021-03-01,9.16,power
EE,2021-03-01,26.6,power
ES,2021-03-01,383.544,power
EU27_2020,2021-03-01,8359.118,power
FI,2021-03-01,69.0,power
FR,2021-03-01,320.952,power
GR,2021-03-01,298.94,power
HR,2021-03-01,83.9,power
HU,2021-03-01,249.0,power
IE,2021-03-01,278.149,power
IT,2021-03-01,2149.1,power
LT,2021-03-01,31.5,power
LU,2021-03-01,6.67,power
LV,2021-03-01,60.053,power
MT,2021-03-01,29.024,power
NL,2021-03-01,992.3,power
PL,2021-03-01,244.022,power
PT,2021-03-01,204.805,power
RO,2021-03-01,238.0,power
SE,2021-03-01,2.0,power
SI,2021-03-01,17.248,power
SK,2021-03-01,128.632,power
AT,2021-04-01,166.151,power
BE,2021-04-01,400.7,power
BG,2021-04-01,90.629,power
CY,2021-04-01,0.0,power
CZ,2021-04-01,134.805,power
DE,2021-04-01,1339.0,power
DK,2021-04-01,5.012,power
EE,2021-04-01,16.2,power
ES,2021-04-01,578.965,power
EU27_2020,2021-04-01,7704.577,power
FI,2021-04-01,46.0,power
FR,2021-04-01,387.555,power
GR,2021-04-01,346.45,power
HR,2021-04-01,72.5,power
HU,2021-04-01,219.0,power
IE,2021-04-01,261.926,power
IT,2021-04-01,2020.4,power
LT,2021-04-01,27.3,power
LU,2021-04-01,6.67,power
LV,2021-04-01,28.674,power
MT,2021-04-01,32.75,power
NL,2021-04-01,735.317,power
PL,2021-04-01,193.554,power
PT,2021-04-01,294.64,power
RO,2021-04-01,180.0,power
SE,2021-04-01,1.0,power
SI,2021-04-01,13.001,power
SK,2021-04-01,106.378,power
AT,2021-05-01,52.579,power
BE,2021-05-01,260.9,power
BG,2021-05-01,68.523,power
CY,2021-05-01,0.0,power
CZ,2021-05-01,65.549,power
DE,2021-05-01,866.0,power
DK,2021-05-01,1.478,power
EE,2021-05-01,10.8,power
ES,2021-05-01,443.078,power
EU27_2020,2021-05-01,5378.724,power
FI,2021-05-01,17.0,power
FR,2021-05-01,117.929,power
GR,2021-05-01,264.701,power
HR,2021-05-01,49.3,power
HU,2021-05-01,167.0,power
IE,2021-05-01,220.429,power
IT,2021-05-01,1495.8,power
LT,2021-05-01,17.2,power
LU,2021-05-01,6.67,power
LV,2021-05-01,11.889,power
MT,2021-05-01,32.04,power
NL,2021-05-01,667.792,power
PL,2021-05-01,166.767,power
PT,2021-05-01,211.365,power
RO,2021-05-01,82.0,power
SE,2021-05-01,1.0,power
SI,2021-05-01,9.952,power
SK,2021-05-01,70.983,power
AT,2021-06-01,16.521,power
BE,2021-06-01,293.0,power
BG,2021-06-01,56.987,power
CY,2021-06-01,0.0,power
CZ,2021-06-01,108.215,power
DE,2021-06-01,785.0,power
DK,2021-06-01,4.494,power
EE,2021-06-01,10.8,power
ES,2021-06-01,650.066,power
EU27_2020,2021-06-01,6492.561,power
FI,2021-06-01,12.0,power
FR,2021-06-01,178.833,power
GR,2021-06-01,408.242,power
HR,2021-06-01,48.2,power
HU,2021-06-01,170.0,power
IE,2021-06-01,256.017,power
IT,2021-06-01,1941.5,power
LT,2021-06-01,9.9,power
LU,2021-06-01,6.67,power
LV,2021-06-01,24.889,power
MT,2021-06-01,36.842,power
NL,2021-06-01,838.627,power
PL,2021-06-01,156.639,power
PT,2021-06-01,325.298,power
RO,2021-06-01,68.0,power
SE,2021-06-01,1.0,power
SI,2021-06-01,12.584,power
SK,2021-06-01,72.237,power
AT,2021-07-01,17.553,power
BE,2021-07-01,227.8,power
BG,2021-07-01,86.775,power
CY,2021-07-01,0.0,power
CZ,2021-07-01,97.012,power
DE,2021-07-01,744.0,power
DK,2021-07-01,3.374,power
EE,2021-07-01,7.4,power
ES,2021-07-01,674.946,power
EU27_2020,2021-07-01,6711.345,power
FI,2021-07-01,18.0,power
FR,2021-07-01,171.326,power
GR,2021-07-01,492.44,power
HR,2021-07-01,72.6,power
HU,2021-07-01,174.0,power
IE,2021-07-01,287.374,power
IT,2021-07-01,2352.2,power
LT,2021-07-01,7.6,power
LU,2021-07-01,6.67,power
LV,2021-07-01,37.225,power
MT,2021-07-01,42.727,power
NL,2021-07-01,665.125,power
PL,2021-07-01,158.825,power
PT,2021-07-01,238.242,power
RO,2021-07-01,61.0,power
SE,2021-07-01,0.0,power
SI,2021-07-01,7.821,power
SK,2021-07-01,59.31,power
AT,2021-08-01,14.047,power
BE,2021-08-01,186.3,power
BG,2021-08-01,58.899,power
CY,2021-08-01,0.0,power
CZ,2021-08-01,56.28,power
DE,2021-08-01,541.0,power
DK,2021-08-01,7.856,power
EE,2021-08-01,8.4,power
ES,2021-08-01,748.451,power
EU27_2020,2021-08-01,5568.065,power
FI,2021-08-01,11.0,power
FR,2021-08-01,61.131,power
GR,2021-08-01,468.706,power
HR,2021-08-01,73.8,power
HU,2021-08-01,157.0,power
IE,2021-08-01,289.641,power
IT,2021-08-01,1952.2,power
LT,2021-08-01,6.0,power
LU,2021-08-01,6.67,power
LV,2021-08-01,7.974,power
MT,2021-08-01,41.756,power
NL,2021-08-01,346.96,power
PL,2021-08-01,161.777,power
PT,2021-08-01,252.571,power
RO,2021-08-01,52.0,power
SE,2021-08-01,0.7,power
SI,2021-08-01,8.271,power
SK,2021-08-01,48.675,power
AT,2021-09-01,39.504,power
BE,2021-09-01,213.5,power
BG,2021-09-01,68.885,power
CY,2021-09-01,0.0,power
CZ,2021-09-01,68.986,power
DE,2021-09-01,775.0,power
DK,2021-09-01,3.59,power
EE,2021-09-01,10.2,power
ES,2021-09-01,904.189,power
EU27_2020,2021-09-01,6818.396,power
FI,2021-09-01,15.0,power
FR,2021-09-01,204.192,power
GR,2021-09-01,410.135,power
HR,2021-09-01,70.9,power
HU,2021-09-01,153.8,power
IE,2021-09-01,265.406,power
IT,2021-09-01,2322.0,power
LT,2021-09-01,9.7,power
LU,2021-09-01,6.67,power
LV,2021-09-01,39.536,power
MT,2021-09-01,29.807,power
NL,2021-09-01,607.464,power
PL,2021-09-01,142.374,power
PT,2021-09-01,320.264,power
RO,2021-09-01,56.0,power
SE,2021-09-01,0.62,power
SI,2021-09-01,10.531,power
SK,2021-09-01,70.143,power
AT,2021-10-01,178.223,power
BE,2021-10-01,219.8,power
BG,2021-10-01,77.847,power
CY,2021-10-01,0.0,power
CZ,2021-10-01,68.453,power
DE,2021-10-01,865.0,power
DK,2021-10-01,1.346,power
EE,2021-10-01,11.0,power
ES,2021-10-01,828.19,power
EU27_2020,2021-10-01,6870.134,power
FI,2021-10-01,14.0,power
FR,2021-10-01,234.173,power
GR,2021-10-01,388.491,power
HR,2021-10-01,80.7,power
HU,2021-10-01,240.8,power
IE,2021-10-01,235.719,power
IT,2021-10-01,2163.2,power
LT,2021-10-01,11.3,power
LU,2021-10-01,3.875,power
LV,2021-10-01,31.35,power
MT,2021-10-01,28.47,power
NL,2021-10-01,499.545,power
PL,2021-10-01,214.493,power
PT,2021-10-01,266.356,power
RO,2021-10-01,115.0,power
SE,2021-10-01,0.76,power
SI,2021-10-01,11.663,power
SK,2021-10-01,80.38,power
AT,2021-11-01,333.949,power
BE,2021-11-01,430.9,power
BG,2021-11-01,99.917,power
CY,2021-11-01,0.0,power
CZ,2021-11-01,116.535,power
DE,2021-11-01,1485.0,power
DK,2021-11-01,4.666,power
EE,2021-11-01,22.6,power
ES,2021-11-01,1125.474,power
EU27_2020,2021-11-01,9709.125,power
FI,2021-11-01,17.0,power
FR,2021-11-01,509.9,power
GR,2021-11-01,377.482,power
HR,2021-11-01,95.4,power
HU,2021-11-01,304.6,power
IE,2021-11-01,255.909,power
IT,2021-11-01,2699.4,power
LT,2021-11-01,13.3,power
LU,2021-11-01,3.875,power
LV,2021-11-01,48.67,power
MT,2021-11-01,25.029,power
NL,2021-11-01,935.373,power
PL,2021-11-01,234.948,power
PT,2021-11-01,279.684,power
RO,2021-11-01,170.0,power
SE,2021-11-01,1.03,power
SI,2021-11-01,11.599,power
SK,2021-11-01,106.885,power
AT,2021-12-01,317.561,power
BE,2021-12-01,367.6,power
BG,2021-12-01,143.899,power
CY,2021-12-01,0.0,power
CZ,2021-12-01,114.277,power
DE,2021-12-01,1649.0,power
DK,2021-12-01,8.82,power
EE,2021-12-01,48.0,power
ES,2021-12-01,931.99,power
EU27_2020,2021-12-01,9529.41,power
FI,2021-12-01,59.0,power
FR,2021-12-01,454.281,power
GR,2021-12-01,393.333,power
HR,2021-12-01,65.5,power
HU,2021-12-01,337.0,power
IE,2021-12-01,244.459,power
IT,2021-12-01,2593.7,power
LT,2021-12-01,37.5,power
LU,2021-12-01,3.875,power
LV,2021-12-01,84.483,power
MT,2021-12-01,25.865,power
NL,2021-12-01,835.063,power
PL,2021-12-01,245.27,power
PT,2021-12-01,229.725,power
RO,2021-12-01,217.0,power
SE,2021-12-01,14.62,power
SI,2021-12-01,13.058,power
SK,2021-12-01,94.531,power
AT,2022-01-01,331.214,power
BE,2022-01-01,402.7,power
BG,2022-01-01,172.472,power
CY,2022-01-01,0.0,power
CZ,2022-01-01,74.624,power
DE,2022-01-01,1678.0,power
DK,2022-01-01,7.818,power
EE,2022-01-01,31.0,power
ES,2022-01-01,978.878,power
EU27_2020,2022-01-01,9674.682,power
FI,2022-01-01,30.0,power
FR,2022-01-01,477.692,power
GR,2022-01-01,330.696,power
HR,2022-01-01,81.6,power
HU,2022-01-01,352.4,power
IE,2022-01-01,287.062,power
IT,2022-01-01,2634.7,power
LT,2022-01-01,25.3,power
LU,2022-01-01,6.694,power
LV,2022-01-01,62.615,power
MT,2022-01-01,28.881,power
NL,2022-01-01,814.838,power
PL,2022-01-01,232.11,power
PT,2022-01-01,290.011,power
RO,2022-01-01,232.0,power
SE,2022-01-01,1.31,power
SI,2022-01-01,14.162,power
SK,2022-01-01,95.905,power
AT,2022-02-01,262.745,power
BE,2022-02-01,220.9,power
BG,2022-02-01,119.789,power
CY,2022-02-01,0.0,power
CZ,2022-02-01,41.797,power
DE,2022-02-01,1170.0,power
DK,2022-02-01,4.33,power
EE,2022-02-01,23.8,power
ES,2022-02-01,831.819,power
EU27_2020,2022-02-01,7393.938,power
FI,2022-02-01,25.0,power
FR,2022-02-01,286.082,power
GR,2022-02-01,310.431,power
HR,2022-02-01,87.3,power
HU,2022-02-01,298.3,power
IE,2022-02-01,187.291,power
IT,2022-02-01,2196.3,power
LT,2022-02-01,19.8,power
LU,2022-02-01,7.963,power
LV,2022-02-01,36.047,power
MT,2022-02-01,26.451,power
NL,2022-02-01,496.926,power
PL,2022-02-01,208.391,power
PT,2022-02-01,249.867,power
RO,2022-02-01,193.0,power
SE,2022-02-01,1.69,power
SI,2022-02-01,12.487,power
SK,2022-02-01,75.432,power
AT,2022-03-01,290.729,power
BE,2022-03-01,285.8,power
BG,2022-03-01,126.269,power
CY,2022-03-01,0.0,power
CZ,2022-03-01,71.537,power
DE,2022-03-01,1389.0,power
DK,2022-03-01,5.617,power
EE,2022-03-01,20.1,power
ES,2022-03-01,675.339,power
EU27_2020,2022-03-01,8426.243,power
FI,2022-03-01,21.0,power
FR,2022-03-01,482.597,power
GR,2022-03-01,423.138,power
HR,2022-03-01,80.9,power
HU,2022-03-01,289.0,power
IE,2022-03-01,253.727,power
IT,2022-03-01,2427.4,power
LT,2022-03-01,19.8,power
LU,2022-03-01,1.103,power
LV,2022-03-01,30.538,power
MT,2022-03-01,29.254,power
NL,2022-03-01,733.317,power
PL,2022-03-01,221.896,power
PT,2022-03-01,249.867,power
RO,2022-03-01,209.0,power
SE,2022-03-01,6.574,power
SI,2022-03-01,13.108,power
SK,2022-03-01,69.633,power
AT,2022-04-01,141.041,power
BE,2022-04-01,204.7,power
BG,2022-04-01,74.484,power
CY,2022-04-01,0.0,power
CZ,2022-04-01,20.038,power
DE,2022-04-01,1339.0,power
DK,2022-04-01,1.16,power
EE,2022-04-01,10.8,power
ES,2022-04-01,560.189,power
EU27_2020,2022-04-01,6404.576,power
FI,2022-04-01,6.0,power
FR,2022-04-01,407.63,power
GR,2022-04-01,186.428,power
HR,2022-04-01,61.4,power
HU,2022-04-01,208.3,power
IE,2022-04-01,279.825,power
IT,2022-04-01,1769.2,power
LT,2022-04-01,11.8,power
LU,2022-04-01,5.43,power
LV,2022-04-01,19.508,power
MT,2022-04-01,22.06,power
NL,2022-04-01,521.479,power
PL,2022-04-01,163.434,power
PT,2022-04-01,228.074,power
RO,2022-04-01,90.0,power
SE,2022-04-01,4.873,power
SI,2022-04-01,9.844,power
SK,2022-04-01,57.879,power
AT,2022-05-01,89.349,power
BE,2022-05-01,251.2,power
BG,2022-05-01,46.574,power
CY,2022-05-01,0.0,power
CZ,2022-05-01,41.182,power
DE,2022-05-01,767.0,power
DK,2022-05-01,0.225,power
EE,2022-05-01,6.9,power
ES,2022-05-01,666.286,power
EU27_2020,2022-05-01,5886.119,power
FI,2022-05-01,9.0,power
FR,2022-05-01,355.767,power
GR,2022-05-01,260.853,power
HR,2022-05-01,51.9,power
HU,2022-05-01,154.0,power
IE,2022-05-01,288.755,power
IT,2022-05-01,1699.0,power
LT,2022-05-01,3.6,power
LU,2022-05-01,3.433,power
LV,2022-05-01,7.032,power
MT,2022-05-01,27.658,power
NL,2022-05-01,648.523,power
PL,2022-05-01,124.993,power
PT,2022-05-01,270.764,power
RO,2022-05-01,63.0,power
SE,2022-05-01,4.251,power
SI,2022-05-01,8.355,power
SK,2022-05-01,36.519,power
AT,2022-06-01,21.064,power
BE,2022-06-01,265.7,power
BG,2022-06-01,45.836,power
CY,2022-06-01,0.0,power
CZ,2022-06-01,41.182,power
DE,2022-06-01,654.0,power
DK,2022-06-01,0.186,power
EE,2022-06-01,4.9,power
ES,2022-06-01,1163.968,power
EU27_2020,2022-06-01,6718.012,power
FI,2022-06-01,5.0,power
FR,2022-06-01,298.976,power
GR,2022-06-01,346.618,power
HR,2022-06-01,62.5,power
HU,2022-06-01,160.9,power
IE,2022-06-01,296.835,power
IT,2022-06-01,2080.6,power
LT,2022-06-01,5.6,power
LU,2022-06-01,3.202,power
LV,2022-06-01,2.021,power
MT,2022-06-01,35.637,power
NL,2022-06-01,709.163,power
PL,2022-06-01,113.984,power
PT,2022-06-01,311.839,power
RO,2022-06-01,50.0,power
SE,2022-06-01,3.852,power
SI,2022-06-01,6.155,power
SK,2022-06-01,28.294,power
AT,2022-07-01,31.302,power
BE,2022-07-01,344.1,power
BG,2022-07-01,37.845,power
CY,2022-07-01,0.0,power
CZ,2022-07-01,31.093,power
DE,2022-07-01,595.0,power
DK,2022-07-01,1.665,power
EE,2022-07-01,4.7,power
ES,2022-07-01,1514.189,power
EU27_2020,2022-07-01,7588.176,power
FI,2022-07-01,6.0,power
FR,2022-07-01,386.48,power
GR,2022-07-01,461.258,power
HR,2022-07-01,86.0,power
HU,2022-07-01,175.1,power
IE,2022-07-01,337.664,power
IT,2022-07-01,2407.0,power
LT,2022-07-01,8.9,power
LU,2022-07-01,1.773,power
LV,2022-07-01,1.652,power
MT,2022-07-01,42.125,power
NL,2022-07-01,621.926,power
PL,2022-07-01,73.815,power
PT,2022-07-01,326.344,power
RO,2022-07-01,51.0,power
SE,2022-07-01,2.871,power
SI,2022-07-01,8.287,power
SK,2022-07-01,30.087,power
AT,2022-08-01,31.403,power
BE,2022-08-01,403.7,power
BG,2022-08-01,35.401,power
CY,2022-08-01,0.0,power
CZ,2022-08-01,53.47,power
DE,2022-08-01,647.0,power
DK,2022-08-01,0.51,power
EE,2022-08-01,4.6,power
ES,2022-08-01,1457.583,power
EU27_2020,2022-08-01,7350.813,power
FI,2022-08-01,5.0,power
FR,2022-08-01,355.272,power
GR,2022-08-01,434.171,power
HR,2022-08-01,82.4,power
HU,2022-08-01,157.5,power
IE,2022-08-01,342.258,power
IT,2022-08-01,2111.4,power
LT,2022-08-01,9.4,power
LU,2022-08-01,1.893,power
LV,2022-08-01,26.07,power
MT,2022-08-01,41.463,power
NL,2022-08-01,689.435,power
PL,2022-08-01,56.58,power
PT,2022-08-01,313.921,power
RO,2022-08-01,57.0,power
SE,2022-08-01,1.871,power
SI,2022-08-01,6.516,power
SK,2022-08-01,24.996,power
AT,2022-09-01,116.692,power
BE,2022-09-01,339.3,power
BG,2022-09-01,36.193,power
CY,2022-09-01,0.0,power
CZ,2022-09-01,45.855,power
DE,2022-09-01,623.0,power
DK,2022-09-01,0.431,power
EE,2022-09-01,5.2,power
ES,2022-09-01,1390.299,power
EU27_2020,2022-09-01,6678.354,power
FI,2022-09-01,7.0,power
FR,2022-09-01,389.905,power
GR,2022-09-01,265.893,power
HR,2022-09-01,63.006,power
HU,2022-09-01,164.2,power
IE,2022-09-01,284.566,power
IT,2022-09-01,1938.9,power
LT,2022-09-01,9.4,power
LU,2022-09-01,1.693,power
LV,2022-09-01,18.032,power
MT,2022-09-01,33.683,power
NL,2022-09-01,569.241,power
PL,2022-09-01,70.828,power
PT,2022-09-01,217.078,power
RO,2022-09-01,48.0,power
SE,2022-09-01,1.276,power
SI,2022-09-01,8.589,power
SK,2022-09-01,30.094,power
AT,2022-10-01,127.029,power
BE,2022-10-01,361.1,power
BG,2022-10-01,43.258,power
CY,2022-10-01,0.0,power
CZ,2022-10-01,52.961,power
DE,2022-10-01,855.0,power
DK,2022-10-01,0.614,power
EE,2022-10-01,6.3,power
ES,2022-10-01,1277.739,power
EU27_2020,2022-10-01,7186.197,power
FI,2022-10-01,7.0,power
FR,2022-10-01,474.603,power
GR,2022-10-01,179.675,power
HR,2022-10-01,86.3,power
HU,2022-10-01,205.0,power
IE,2022-10-01,237.591,power
IT,2022-10-01,1939.7,power
LT,2022-10-01,3.7,power
LU,2022-10-01,2.063,power
LV,2022-10-01,3.44,power
MT,2022-10-01,26.92,power
NL,2022-10-01,725.955,power
PL,2022-10-01,152.703,power
PT,2022-10-01,298.311,power
RO,2022-10-01,64.0,power
SE,2022-10-01,1.032,power
SI,2022-10-01,11.72,power
SK,2022-10-01,42.483,power
AT,2022-11-01,234.11,power
BE,2022-11-01,258.8,power
BG,2022-11-01,80.754,power
CY,2022-11-01,0.0,power
CZ,2022-11-01,53.001,power
DE,2022-11-01,1055.0,power
DK,2022-11-01,0.778,power
EE,2022-11-01,11.1,power
ES,2022-11-01,848.529,power
EU27_2020,2022-11-01,7170.363,power
FI,2022-11-01,16.0,power
FR,2022-11-01,457.748,power
GR,2022-11-01,261.81,power
HR,2022-11-01,82.6,power
HU,2022-11-01,274.7,power
IE,2022-11-01,242.261,power
IT,2022-11-01,1930.0,power
LT,2022-11-01,10.3,power
LU,2022-11-01,3.602,power
LV,2022-11-01,56.361,power
MT,2022-11-01,35.413,power
NL,2022-11-01,555.108,power
PL,2022-11-01,208.173,power
PT,2022-11-01,294.583,power
RO,2022-11-01,125.0,power
SE,2022-11-01,0.434,power
SI,2022-11-01,18.121,power
SK,2022-11-01,56.077,power
AT,2022-12-01,270.735,power
BE,2022-12-01,388.8,power
BG,2022-12-01,116.311,power
CY,2022-12-01,0.0,power
CZ,2022-12-01,69.83,power
DE,2022-12-01,1526.0,power
DK,2022-12-01,6.395,power
EE,2022-12-01,17.6,power
ES,2022-12-01,779.11,power
EU27_2020,2022-12-01,8332.487,power
FI,2022-12-01,27.0,power
FR,2022-12-01,430.836,power
GR,2022-12-01,327.094,power
HR,2022-12-01,61.9,power
HU,2022-12-01,311.2,power
IE,2022-12-01,292.397,power
IT,2022-12-01,1970.0,power
LT,2022-12-01,15.6,power
LU,2022-12-01,3.593,power
LV,2022-12-01,80.948,power
MT,2022-12-01,34.637,power
NL,2022-12-01,895.177,power
PL,2022-12-01,208.169,power
PT,2022-12-01,208.088,power
RO,2022-12-01,206.0,power
SE,2022-12-01,2.135,power
SI,2022-12-01,13.947,power
SK,2022-12-01,68.985,power
AT,2023-01-01,227.317,power
BE,2023-01-01,323.0,power
BG,2023-01-01,119.761,power
CY,2023-01-01,0.0,power
CZ,2023-01-01,46.028,power
DE,2023-01-01,1374.0,power
DK,2023-01-01,3.44,power
EE,2023-01-01,19.6,power
ES,2023-01-01,524.375,power
EU27_2020,2023-01-01,7024.214,power
FI,2023-01-01,21.0,power
FR,2023-01-01,357.135,power
GR,2023-01-01,201.783,power
HR,2023-01-01,78.8,power
HU,2023-01-01,272.5,power
IE,2023-01-01,234.76,power
IT,2023-01-01,1816.0,power
LT,2023-01-01,11.8,power
LU,2023-01-01,5.635,power
LV,2023-01-01,45.754,power
MT,2023-01-01,36.04,power
NL,2023-01-01,605.648,power
PL,2023-01-01,265.277,power
PT,2023-01-01,136.672,power
RO,2023-01-01,218.0,power
SE,2023-01-01,2.457,power
SI,2023-01-01,16.754,power
SK,2023-01-01,60.678,power
AT,2023-02-01,220.734,power
BE,2023-02-01,362.4,power
BG,2023-02-01,113.618,power
CY,2023-02-01,0.0,power
CZ,2023-02-01,58.644,power
DE,2023-02-01,1396.0,power
DK,2023-02-01,3.908,power
EE,2023-02-01,13.5,power
ES,2023-02-01,808.757,power
EU27_2020,2023-02-01,7679.75,power
FI,2023-02-01,40.0,power
FR,2023-02-01,463.394,power
GR,2023-02-01,207.115,power
HR,2023-02-01,73.4,power
HU,2023-02-01,272.4,power
IE,2023-02-01,217.343,power
IT,2023-02-01,1798.0,power
LT,2023-02-01,11.9,power
LU,2023-02-01,5.19,power
LV,2023-02-01,62.02,power
MT,2023-02-01,29.847,power
NL,2023-02-01,695.604,power
PL,2023-02-01,255.396,power
PT,2023-02-01,263.185,power
RO,2023-02-01,218.0,power
SE,2023-02-01,2.132,power
SI,2023-02-01,12.167,power
SK,2023-02-01,75.096,power
AT,2023-03-01,159.763,power
BE,2023-03-01,322.5,power
BG,2023-03-01,100.053,power
CY,2023-03-01,0.0,power
CZ,2023-03-01,50.385,power
DE,2023-03-01,1235.0,power
DK,2023-03-01,4.328,power
EE,2023-03-01,16.9,power
ES,2023-03-01,575.653,power
EU27_2020,2023-03-01,6680.865,power
FI,2023-03-01,29.0,power
FR,2023-03-01,274.752,power
GR,2023-03-01,220.389,power
HR,2023-03-01,97.6,power
HU,2023-03-01,223.8,power
IE,2023-03-01,248.627,power
IT,2023-03-01,1697.0,power
LT,2023-03-01,11.5,power
LU,2023-03-01,5.311,power
LV,2023-03-01,47.246,power
MT,2023-03-01,33.099,power
NL,2023-03-01,619.962,power
PL,2023-03-01,289.58,power
PT,2023-03-01,152.735,power
RO,2023-03-01,188.0,power
SE,2023-03-01,2.707,power
SI,2023-03-01,11.775,power
SK,2023-03-01,63.2,power
AT,2023-04-01,129.162,power
BE,2023-04-01,239.0,power
BG,2023-04-01,87.182,power
CY,2023-04-01,0.0,power
CZ,2023-04-01,30.533,power
DE,2023-04-01,963.0,power
DK,2023-04-01,1.037,power
EE,2023-04-01,7.0,power
ES,2023-04-01,540.44,power
EU27_2020,2023-04-01,5652.712,power
FI,2023-04-01,15.0,power
FR,2023-04-01,234.845,power
GR,2023-04-01,241.211,power
HR,2023-04-01,88.5,power
HU,2023-04-01,179.3,power
IE,2023-04-01,226.02,power
IT,2023-04-01,1542.0,power
LT,2023-04-01,11.5,power
LU,2023-04-01,4.163,power
LV,2023-04-01,20.38,power
MT,2023-04-01,31.841,power
NL,2023-04-01,548.364,power
PL,2023-04-01,210.389,power
PT,2023-04-01,123.637,power
RO,2023-04-01,116.0,power
SE,2023-04-01,2.653,power
SI,2023-04-01,12.909,power
SK,2023-04-01,46.646,power
AT,2023-05-01,50.99,power
BE,2023-05-01,197.2,power
BG,2023-05-01,43.068,power
CY,2023-05-01,0.0,power
CZ,2023-05-01,14.998,power
DE,2023-05-01,746.0,power
DK,2023-05-01,0.645,power
EE,2023-05-01,6.0,power
ES,2023-05-01,619.129,power
EU27_2020,2023-05-01,4899.338,power
FI,2023-05-01,6.0,power
FR,2023-05-01,124.135,power
GR,2023-05-01,199.742,power
HR,2023-05-01,65.9,power
HU,2023-05-01,128.2,power
IE,2023-05-01,267.186,power
IT,2023-05-01,1432.0,power
LT,2023-05-01,5.9,power
LU,2023-05-01,3.508,power
LV,2023-05-01,1.983,power
MT,2023-05-01,34.143,power
NL,2023-05-01,548.999,power
PL,2023-05-01,121.549,power
PT,2023-05-01,152.462,power
RO,2023-05-01,70.0,power
SE,2023-05-01,2.124,power
SI,2023-05-01,15.55,power
SK,2023-05-01,41.928,power
AT,2023-06-01,7.606,power
BE,2023-06-01,273.9,power
BG,2023-06-01,37.656,power
CY,2023-06-01,0.0,power
CZ,2023-06-01,54.904,power
DE,2023-06-01,685.0,power
DK,2023-06-01,10.397,power
EE,2023-06-01,4.0,power
ES,2023-06-01,859.095,power
EU27_2020,2023-06-01,5748.516,power
FI,2023-06-01,4.0,power
FR,2023-06-01,203.007,power
GR,2023-06-01,294.465,power
HR,2023-06-01,61.0,power
HU,2023-06-01,118.6,power
IE,2023-06-01,250.992,power
IT,2023-06-01,1608.0,power
LT,2023-06-01,8.2,power
LU,2023-06-01,3.508,power
LV,2023-06-01,16.295,power
MT,2023-06-01,33.357,power
NL,2023-06-01,748.885,power
PL,2023-06-01,142.864,power
PT,2023-06-01,222.82,power
RO,2023-06-01,47.0,power
SE,2023-06-01,1.983,power
SI,2023-06-01,8.684,power
SK,2023-06-01,42.299,power
AT,2023-07-01,23.329,power
BE,2023-07-01,217.6,power
BG,2023-07-01,35.578,power
CY,2023-07-01,0.0,power
CZ,2023-07-01,50.068,power
DE,2023-07-01,656.0,power
DK,2023-07-01,14.69,power
EE,2023-07-01,4.6,power
ES,2023-07-01,910.524,power
EU27_2020,2023-07-01,6359.863,power
FI,2023-07-01,4.0,power
FR,2023-07-01,214.782,power
GR,2023-07-01,389.842,power
HR,2023-07-01,88.3,power
HU,2023-07-01,124.4,power
IE,2023-07-01,224.056,power
IT,2023-07-01,2262.4,power
LT,2023-07-01,8.1,power
LU,2023-07-01,2.754,power
LV,2023-07-01,3.564,power
MT,2023-07-01,40.208,power
NL,2023-07-01,603.139,power
PL,2023-07-01,155.098,power
PT,2023-07-01,232.056,power
RO,2023-07-01,46.0,power
SE,2023-07-01,2.574,power
SI,2023-07-01,8.401,power
SK,2023-07-01,37.8,power
AT,2023-08-01,8.081,power
BE,2023-08-01,239.4,power
BG,2023-08-01,35.855,power
CY,2023-08-01,0.0,power
CZ,2023-08-01,42.601,power
DE,2023-08-01,720.0,power
DK,2023-08-01,11.396,power
EE,2023-08-01,4.5,power
ES,2023-08-01,941.965,power
EU27_2020,2023-08-01,5995.569,power
FI,2023-08-01,5.0,power
FR,2023-08-01,210.243,power
GR,2023-08-01,336.13,power
HR,2023-08-01,83.2,power
HU,2023-08-01,142.9,power
IE,2023-08-01,217.769,power
IT,2023-08-01,1718.0,power
LT,2023-08-01,4.1,power
LU,2023-08-01,2.237,power
LV,2023-08-01,18.871,power
MT,2023-08-01,40.803,power
NL,2023-08-01,768.265,power
PL,2023-08-01,156.479,power
PT,2023-08-01,200.376,power
RO,2023-08-01,36.0,power
SE,2023-08-01,3.243,power
SI,2023-08-01,6.615,power
SK,2023-08-01,41.539,power
AT,2023-09-01,51.22,power
BE,2023-09-01,231.7,power
BG,2023-09-01,37.537,power
CY,2023-09-01,0.0,power
CZ,2023-09-01,48.663,power
DE,2023-09-01,671.0,power
DK,2023-09-01,1.812,power
EE,2023-09-01,3.706,power
ES,2023-09-01,899.248,power
EU27_2020,2023-09-01,6002.515,power
FI,2023-09-01,4.0,power
FR,2023-09-01,166.17,power
GR,2023-09-01,306.362,power
HR,2023-09-01,86.8,power
HU,2023-09-01,142.4,power
IE,2023-09-01,210.82,power
IT,2023-09-01,1894.0,power
LT,2023-09-01,8.9,power
LU,2023-09-01,2.254,power
LV,2023-09-01,29.197,power
MT,2023-09-01,37.613,power
NL,2023-09-01,738.347,power
PL,2023-09-01,131.598,power
PT,2023-09-01,202.782,power
RO,2023-09-01,46.0,power
SE,2023-09-01,3.892,power
SI,2023-09-01,7.127,power
SK,2023-09-01,39.366,power
AT,2023-10-01,86.303,power
BE,2023-10-01,173.7,power
BG,2023-10-01,41.741,power
CY,2023-10-01,0.0,power
CZ,2023-10-01,41.534,power
DE,2023-10-01,889.0,power
DK,2023-10-01,4.84,power
EE,2023-10-01,13.565,power
ES,2023-10-01,741.548,power
EU27_2020,2023-10-01,5923.033,power
FI,2023-10-01,3.0,power
FR,2023-10-01,147.552,power
GR,2023-10-01,279.229,power
HR,2023-10-01,90.2,power
HU,2023-10-01,185.1,power
IE,2023-10-01,222.899,power
IT,2023-10-01,1866.0,power
LT,2023-10-01,13.0,power
LU,2023-10-01,3.867,power
LV,2023-10-01,31.002,power
MT,2023-10-01,31.965,power
NL,2023-10-01,520.179,power
PL,2023-10-01,236.159,power
PT,2023-10-01,145.03,power
RO,2023-10-01,101.0,power
SE,2023-10-01,5.013,power
SI,2023-10-01,8.312,power
SK,2023-10-01,41.295,power
AT,2023-11-01,159.1,power
BE,2023-11-01,188.9,power
BG,2023-11-01,91.815,power
CY,2023-11-01,0.0,power
CZ,2023-11-01,38.276,power
DE,2023-11-01,1241.0,power
DK,2023-11-01,11.936,power
EE,2023-11-01,16.8,power
ES,2023-11-01,604.559,power
EU27_2020,2023-11-01,6214.308,power
FI,2023-11-01,23.0,power
FR,2023-11-01,218.763,power
GR,2023-11-01,209.676,power
HR,2023-11-01,88.3,power
HU,2023-11-01,252.9,power
IE,2023-11-01,221.267,power
IT,2023-11-01,1581.0,power
LT,2023-11-01,19.6,power
LU,2023-11-01,4.619,power
LV,2023-11-01,48.426,power
MT,2023-11-01,26.676,power
NL,2023-11-01,520.1,power
PL,2023-11-01,293.158,power
PT,2023-11-01,126.344,power
RO,2023-11-01,145.0,power
SE,2023-11-01,8.852,power
SI,2023-11-01,14.116,power
SK,2023-11-01,60.125,power
AT,2023-12-01,207.817,power
BE,2023-12-01,206.1,power
BG,2023-12-01,136.004,power
CY,2023-12-01,0.0,power
CZ,2023-12-01,46.011,power
DE,2023-12-01,1377.0,power
DK,2023-12-01,8.584,power
EE,2023-12-01,27.7,power
ES,2023-12-01,600.322,power
EU27_2020,2023-12-01,6972.411,power
FI,2023-12-01,41.0,power
FR,2023-12-01,228.365,power
GR,2023-12-01,252.131,power
HR,2023-12-01,79.6,power
HU,2023-12-01,274.4,power
IE,2023-12-01,181.054,power
IT,2023-12-01,1801.0,power
LT,2023-12-01,22.5,power
LU,2023-12-01,4.846,power
LV,2023-12-01,38.936,power
MT,2023-12-01,25.513,power
NL,2023-12-01,641.585,power
PL,2023-12-01,320.306,power
PT,2023-12-01,123.806,power
RO,2023-12-01,226.0,power
SE,2023-12-01,11.013,power
SI,2023-12-01,15.416,power
SK,2023-12-01,75.403,power
AT,2024-01-01,265.466,power
BE,2024-01-01,289.6,power
BG,2024-01-01,141.333,power
CY,2024-01-01,0.0,power
CZ,2024-01-01,62.515,power
DE,2024-01-01,1697.0,power
DK,2024-01-01,16.529,power
EE,2024-01-01,49.34,power
ES,2024-01-01,623.422,power
EU27_2020,2024-01-01,8161.5,power
FI,2024-01-01,55.0,power
FR,2024-01-01,308.383,power
GR,2024-01-01,292.733,power
HR,2024-01-01,90.7,power
HU,2024-01-01,298.2,power
IE,2024-01-01,256.487,power
IT,2024-01-01,1919.465,power
LT,2024-01-01,7.5,power
LU,2024-01-01,6.32,power
LV,2024-01-01,105.721,power
MT,2024-01-01,29.6,power
NL,2024-01-01,800.824,power
PL,2024-01-01,340.876,power
PT,2024-01-01,145.871,power
RO,2024-01-01,245.0,power
SE,2024-01-01,12.532,power
SI,2024-01-01,15.104,power
SK,2024-01-01,85.98,power
AT,2024-02-01,140.333,power
BE,2024-02-01,165.5,power
BG,2024-02-01,106.185,power
CY,2024-02-01,0.0,power
CZ,2024-02-01,35.788,power
DE,2024-02-01,1220.0,power
DK,2024-02-01,1.953,power
EE,2024-02-01,21.0,power
ES,2024-02-01,417.073,power
EU27_2020,2024-02-01,5887.964,power
FI,2024-02-01,30.0,power
FR,2024-02-01,126.858,power
GR,2024-02-01,239.888,power
HR,2024-02-01,80.5,power
HU,2024-02-01,152.3,power
IE,2024-02-01,197.209,power
IT,2024-02-01,1616.415,power
LT,2024-02-01,19.7,power
LU,2024-02-01,5.076,power
LV,2024-02-01,71.648,power
MT,2024-02-01,29.61,power
NL,2024-02-01,547.67,power
PL,2024-02-01,290.94,power
PT,2024-02-01,101.239,power
RO,2024-02-01,180.0,power
SE,2024-02-01,13.631,power
SI,2024-02-01,13.205,power
SK,2024-02-01,64.243,power
AT,2024-03-01,112.5,power
BE,2024-03-01,202.1,power
BG,2024-03-01,100.961,power
CY,2024-03-01,0.0,power
CZ,2024-03-01,42.33,power
DE,2024-03-01,1237.0,power
DK,2024-03-01,1.049,power
EE,2024-03-01,14.5,power
ES,2024-03-01,426.87,power
EU27_2020,2024-03-01,5866.596,power
FI,2024-03-01,36.0,power
FR,2024-03-01,133.843,power
GR,2024-03-01,290.732,power
HR,2024-03-01,81.3,power
HU,2024-03-01,161.8,power
IE,2024-03-01,209.356,power
IT,2024-03-01,1457.8,power
LT,2024-03-01,13.3,power
LU,2024-03-01,4.893,power
LV,2024-03-01,47.26,power
MT,2024-03-01,28.531,power
NL,2024-03-01,597.09,power
PL,2024-03-01,289.523,power
PT,2024-03-01,108.947,power
RO,2024-03-01,175.0,power
SE,2024-03-01,12.233,power
SI,2024-03-01,14.324,power
SK,2024-03-01,67.353,power
AT,2024-04-01,46.748,power
BE,2024-04-01,150.7,power
BG,2024-04-01,50.49,power
CY,2024-04-01,0.0,power
CZ,2024-04-01,31.677,power
DE,2024-04-01,963.0,power
DK,2024-04-01,8.47,power
EE,2024-04-01,15.0,power
ES,2024-04-01,399.285,power
EU27_2020,2024-04-01,4462.98,power
FI,2024-04-01,15.0,power
FR,2024-04-01,41.804,power
GR,2024-04-01,249.168,power
HR,2024-04-01,61.7,power
HU,2024-04-01,139.2,power
IE,2024-04-01,214.666,power
IT,2024-04-01,1174.044,power
LT,2024-04-01,9.1,power
LU,2024-04-01,3.719,power
LV,2024-04-01,15.204,power
MT,2024-04-01,22.73,power
NL,2024-04-01,435.361,power
PL,2024-04-01,223.717,power
PT,2024-04-01,51.957,power
RO,2024-04-01,58.0,power
SE,2024-04-01,11.362,power
SI,2024-04-01,12.038,power
SK,2024-04-01,58.84,power
AT,2024-05-01,3.882,power
BE,2024-05-01,134.0,power
BG,2024-05-01,47.966,power
CY,2024-05-01,0.0,power
CZ,2024-05-01,29.796,power
DE,2024-05-01,762.0,power
DK,2024-05-01,2.035,power
EE,2024-05-01,7.0,power
ES,2024-05-01,381.505,power
EU27_2020,2024-05-01,4111.936,power
FI,2024-05-01,4.0,power
FR,2024-05-01,6.838,power
GR,2024-05-01,329.244,power
HR,2024-05-01,57.4,power
HU,2024-05-01,125.3,power
IE,2024-05-01,263.039,power
IT,2024-05-01,1146.274,power
LT,2024-05-01,4.7,power
LU,2024-05-01,2.91,power
LV,2024-05-01,2.495,power
MT,2024-05-01,27.348,power
NL,2024-05-01,479.85,power
PL,2024-05-01,147.791,power
PT,2024-05-01,41.756,power
RO,2024-05-01,44.0,power
SE,2024-05-01,9.735,power
SI,2024-05-01,14.891,power
SK,2024-05-01,36.182,power
AT,2024-06-01,7.87,power
BE,2024-06-01,150.1,power
BG,2024-06-01,43.36,power
CY,2024-06-01,0.0,power
CZ,2024-06-01,40.764,power
DE,2024-06-01,636.0,power
DK,2024-06-01,6.485,power
EE,2024-06-01,6.0,power
ES,2024-06-01,402.284,power
EU27_2020,2024-06-01,4342.455,power
FI,2024-06-01,5.0,power
FR,2024-06-01,17.938,power
GR,2024-06-01,393.343,power
HR,2024-06-01,44.0,power
HU,2024-06-01,114.4,power
IE,2024-06-01,213.445,power
IT,2024-06-01,1401.054,power
LT,2024-06-01,8.0,power
LU,2024-06-01,1.679,power
LV,2024-06-01,2.001,power
MT,2024-06-01,31.568,power
NL,2024-06-01,484.971,power
PL,2024-06-01,193.86,power
PT,2024-06-01,47.82,power
RO,2024-06-01,36.0,power
SE,2024-06-01,6.362,power
SI,2024-06-01,10.742,power
SK,2024-06-01,37.41,power
AT,2024-07-01,4.224,power
BE,2024-07-01,139.0,power
BG,2024-07-01,61.761,power
CY,2024-07-01,0.0,power
CZ,2024-07-01,23.577,power
DE,2024-07-01,584.0,power
DK,2024-07-01,0.283,power
EE,2024-07-01,3.8,power
ES,2024-07-01,585.517,power
EU27_2020,2024-07-01,5507.989,power
FI,2024-07-01,1.0,power
FR,2024-07-01,45.529,power
GR,2024-07-01,462.752,power
HR,2024-07-01,73.6,power
HU,2024-07-01,120.2,power
IE,2024-07-01,238.685,power
IT,2024-07-01,2165.199,power
LT,2024-07-01,7.7,power
LU,2024-07-01,2.89,power
LV,2024-07-01,17.859,power
MT,2024-07-01,37.642,power
NL,2024-07-01,531.264,power
PL,2024-07-01,210.464,power
PT,2024-07-01,89.308,power
RO,2024-07-01,43.0,power
SE,2024-07-01,5.741,power
SI,2024-07-01,10.029,power
SK,2024-07-01,42.965,power
AT,2024-08-01,15.929,power
BE,2024-08-01,132.7,power
BG,2024-08-01,45.317,power
CY,2024-08-01,0.0,power
CZ,2024-08-01,37.793,power
DE,2024-08-01,614.0,power
DK,2024-08-01,0.831,power
EE,2024-08-01,4.0,power
ES,2024-08-01,678.846,power
EU27_2020,2024-08-01,5536.809,power
FI,2024-08-01,3.0,power
FR,2024-08-01,44.391,power
GR,2024-08-01,422.744,power
HR,2024-08-01,79.8,power
HU,2024-08-01,127.4,power
IE,2024-08-01,205.627,power
IT,2024-08-01,2086.652,power
LT,2024-08-01,7.5,power
LU,2024-08-01,2.162,power
LV,2024-08-01,23.12,power
MT,2024-08-01,41.452,power
NL,2024-08-01,543.907,power
PL,2024-08-01,227.958,power
PT,2024-08-01,92.196,power
RO,2024-08-01,38.0,power
SE,2024-08-01,5.932,power
SI,2024-08-01,11.812,power
SK,2024-08-01,43.741,power
AT,2024-09-01,23.026,power
BE,2024-09-01,145.5,power
BG,2024-09-01,43.01,power
CY,2024-09-01,0.0,power
CZ,2024-09-01,35.048,power
DE,2024-09-01,687.0,power
DK,2024-09-01,4.505,power
EE,2024-09-01,6.0,power
ES,2024-09-01,546.28,power
EU27_2020,2024-09-01,5288.105,power
FI,2024-09-01,7.0,power
FR,2024-09-01,54.768,power
GR,2024-09-01,335.983,power
HR,2024-09-01,82.6,power
HU,2024-09-01,134.3,power
IE,2024-09-01,234.909,power
IT,2024-09-01,1910.309,power
LT,2024-09-01,3.7,power
LU,2024-09-01,2.138,power
LV,2024-09-01,31.296,power
MT,2024-09-01,30.891,power
NL,2024-09-01,517.531,power
PL,2024-09-01,247.672,power
PT,2024-09-01,95.833,power
RO,2024-09-01,42.0,power
SE,2024-09-01,6.324,power
SI,2024-09-01,11.232,power
SK,2024-09-01,49.249,power
AT,2024-10-01,83.524,power
BE,2024-10-01,165.3,power
BG,2024-10-01,58.232,power
CY,2024-10-01,0.0,power
CZ,2024-10-01,47.046,power
DE,2024-10-01,966.0,power
DK,2024-10-01,4.663,power
EE,2024-10-01,8.0,power
ES,2024-10-01,564.904,power
EU27_2020,2024-10-01,5629.389,power
FI,2024-10-01,13.0,power
FR,2024-10-01,50.786,power
GR,2024-10-01,288.342,power
HR,2024-10-01,72.6,power
HU,2024-10-01,173.5,power
IE,2024-10-01,247.883,power
IT,2024-10-01,1687.566,power
LT,2024-10-01,2.7,power
LU,2024-10-01,2.509,power
LV,2024-10-01,19.634,power
MT,2024-10-01,33.283,power
NL,2024-10-01,572.48,power
PL,2024-10-01,298.865,power
PT,2024-10-01,99.427,power
RO,2024-10-01,85.0,power
SE,2024-10-01,7.544,power
SI,2024-10-01,10.533,power
SK,2024-10-01,66.068,power
AT,2024-11-01,307.55,power
BE,2024-11-01,312.2,power
BG,2024-11-01,104.813,power
CY,2024-11-01,0.0,power
CZ,2024-11-01,89.435,power
DE,2024-11-01,1638.0,power
DK,2024-11-01,8.949,power
EE,2024-11-01,9.0,power
ES,2024-11-01,751.146,power
EU27_2020,2024-11-01,8463.883,power
FI,2024-11-01,20.0,power
FR,2024-11-01,228.737,power
GR,2024-11-01,412.931,power
HR,2024-11-01,71.0,power
HU,2024-11-01,296.9,power
IE,2024-11-01,298.675,power
IT,2024-11-01,2094.802,power
LT,2024-11-01,8.3,power
LU,2024-11-01,2.685,power
LV,2024-11-01,41.364,power
MT,2024-11-01,30.855,power
NL,2024-11-01,909.562,power
PL,2024-11-01,387.204,power
PT,2024-11-01,126.035,power
RO,2024-11-01,190.0,power
SE,2024-11-01,9.463,power
SI,2024-11-01,17.594,power
SK,2024-11-01,96.683,power
AT,2024-12-01,300.675,power
BE,2024-12-01,244.3,power
BG,2024-12-01,130.644,power
CY,2024-12-01,0.0,power
CZ,2024-12-01,63.694,power
DE,2024-12-01,1738.0,power
DK,2024-12-01,7.19,power
EE,2024-12-01,13.0,power
ES,2024-12-01,871.449,power
EU27_2020,2024-12-01,8425.595,power
FI,2024-12-01,20.0,power
FR,2024-12-01,186.321,power
GR,2024-12-01,421.159,power
HR,2024-12-01,92.8,power
HU,2024-12-01,303.2,power
IE,2024-12-01,239.516,power
IT,2024-12-01,2164.66,power
LT,2024-12-01,11.6,power
LU,2024-12-01,3.642,power
LV,2024-12-01,40.046,power
MT,2024-12-01,29.092,power
NL,2024-12-01,648.922,power
PL,2024-12-01,383.124,power
PT,2024-12-01,156.934,power
RO,2024-12-01,224.0,power
SE,2024-12-01,10.743,power
SI,2024-12-01,24.915,power
SK,2024-12-01,95.968,power
AT,2025-01-01,342.643,power
BE,2025-01-01,295.0,power
BG,2025-01-01,135.967,power
CY,2025-01-01,0.0,power
CZ,2025-01-01,74.608,power
DE,2025-01-01,1960.0,power
DK,2025-01-01,25.492,power
EE,2025-01-01,9.0,power
ES,2025-01-01,629.356,power
EU27_2020,2025-01-01,8948.304,power
FI,2025-01-01,18.0,power
FR,2025-01-01,230.198,power
GR,2025-01-01,453.522,power
HR,2025-01-01,96.1,power
HU,2025-01-01,329.0,power
IE,2025-01-01,289.069,power
IT,2025-01-01,2202.518,power
LT,2025-01-01,12.6,power
LU,2025-01-01,2.923,power
LV,2025-01-01,55.527,power
MT,2025-01-01,27.098,power
NL,2025-01-01,859.673,power
PL,2025-01-01,393.588,power
PT,2025-01-01,150.209,power
RO,2025-01-01,221.0,power
SE,2025-01-01,12.532,power
SI,2025-01-01,25.13,power
SK,2025-01-01,97.552,power
AT,2025-02-01,320.886,power
BE,2025-02-01,299.5,power
BG,2025-02-01,127.409,power
CY,2025-02-01,0.0,power
CZ,2025-02-01,69.123,power
DE,2025-02-01,1853.0,power
DK,2025-02-01,19.713,power
EE,2025-02-01,8.576,power
ES,2025-02-01,593.516,power
EU27_2020,2025-02-01,8577.978,power
FI,2025-02-01,28.716,power
FR,2025-02-01,229.743,power
GR,2025-02-01,463.457,power
HR,2025-02-01,89.6,power
HU,2025-02-01,316.7,power
IE,2025-02-01,177.373,power
IT,2025-02-01,2206.879,power
LT,2025-02-01,20.2,power
LU,2025-02-01,3.181,power
LV,2025-02-01,91.188,power
MT,2025-02-01,26.533,power
NL,2025-02-01,792.728,power
PL,2025-02-01,391.807,power
PT,2025-02-01,125.788,power
RO,2025-02-01,214.0,power
SE,2025-02-01,10.142,power
SI,2025-02-01,15.856,power
SK,2025-02-01,82.363,power
AT,2025-03-01,200.168,power
BE,2025-03-01,231.5,power
BG,2025-03-01,98.786,power
CY,2025-03-01,0.0,power
CZ,2025-03-01,58.809,power
DE,2025-03-01,1419.0,power
DK,2025-03-01,3.0,power
EE,2025-03-01,7.1,power
ES,2025-03-01,490.481,power
EU27_2020,2025-03-01,6828.885,power
FI,2025-03-01,34.0,power
FR,2025-03-01,118.281,power
GR,2025-03-01,296.716,power
HR,2025-03-01,67.3,power
HU,2025-03-01,218.9,power
IE,2025-03-01,238.328,power
IT,2025-03-01,1860.171,power
LT,2025-03-01,9.0,power
LU,2025-03-01,3.745,power
LV,2025-03-01,42.978,power
MT,2025-03-01,23.988,power
NL,2025-03-01,642.694,power
PL,2025-03-01,380.307,power
PT,2025-03-01,106.514,power
RO,2025-03-01,173.0,power
SE,2025-03-01,8.463,power
SI,2025-03-01,19.215,power
SK,2025-03-01,76.442,power
AT,2025-04-01,100.473,power
BE,2025-04-01,203.1,power
BG,2025-04-01,79.727,power
CY,2025-04-01,0.0,power
CZ,2025-04-01,52.507,power
DE,2025-04-01,890.0,power
DK,2025-04-01,0.727,power
EE,2025-04-01,6.288,power
ES,2025-04-01,500.569,power
EU27_2020,2025-04-01,4987.68,power
FI,2025-04-01,19.0,power
FR,2025-04-01,39.434,power
GR,2025-04-01,220.347,power
HR,2025-04-01,62.6,power
HU,2025-04-01,121.8,power
IE,2025-04-01,226.73,power
IT,2025-04-01,1248.846,power
LT,2025-04-01,7.1,power
LU,2025-04-01,3.95,power
LV,2025-04-01,20.575,power
MT,2025-04-01,23.609,power
NL,2025-04-01,573.795,power
PL,2025-04-01,344.347,power
PT,2025-04-01,81.917,power
RO,2025-04-01,84.0,power
SE,2025-04-01,7.383,power
SI,2025-04-01,11.223,power
SK,2025-04-01,57.633,power
AT,2025-05-01,9.295,power
BE,2025-05-01,121.2,power
BG,2025-05-01,50.334,power
CY,2025-05-01,0.0,power
CZ,2025-05-01,44.205,power
DE,2025-05-01,705.0,power
DK,2025-05-01,0.431,power
EE,2025-05-01,6.174,power
ES,2025-05-01,640.245,power
EU27_2020,2025-05-01,4260.354,power
FI,2025-05-01,5.0,power
FR,2025-05-01,10.111,power
GR,2025-05-01,287.096,power
HR,2025-05-01,30.4,power
HU,2025-05-01,91.1,power
IE,2025-05-01,213.879,power
IT,2025-05-01,1006.108,power
LT,2025-05-01,5.7,power
LU,2025-05-01,3.468,power
LV,2025-05-01,6.848,power
MT,2025-05-01,26.226,power
NL,2025-05-01,457.472,power
PL,2025-05-01,275.761,power
PT,2025-05-01,148.249,power
RO,2025-05-01,45.0,power
SE,2025-05-01,6.473,power
SI,2025-05-01,19.818,power
SK,2025-05-01,44.762,power
AT,2025-06-01,7.7,power
BE,2025-06-01,134.1,power
BG,2025-06-01,46.339,power
CY,2025-06-01,0.0,power
CZ,2025-06-01,35.002,power
DE,2025-06-01,522.0,power
DK,2025-06-01,1.624,power
EE,2025-06-01,4.813,power
ES,2025-06-01,874.774,power
EU27_2020,2025-06-01,4825.704,power
FI,2025-06-01,3.0,power
FR,2025-06-01,59.252,power
GR,2025-06-01,391.423,power
HR,2025-06-01,28.1,power
HU,2025-06-01,83.2,power
IE,2025-06-01,194.353,power
IT,2025-06-01,1555.078,power
LT,2025-06-01,0.3,power
LU,2025-06-01,2.633,power
LV,2025-06-01,2.298,power
MT,2025-06-01,31.739,power
NL,2025-06-01,402.906,power
PL,2025-06-01,207.616,power
PT,2025-06-01,140.273,power
RO,2025-06-01,36.0,power
SE,2025-06-01,5.125,power
SI,2025-06-01,20.78,power
SK,2025-06-01,35.277,power
AT,2025-07-01,9.901,power
BE,2025-07-01,177.1,power
BG,2025-07-01,70.831,power
CY,2025-07-01,0.0,power
CZ,2025-07-01,44.105,power
DE,2025-07-01,630.0,power
DK,2025-07-01,1.635,power
EE,2025-07-01,4.702,power
ES,2025-07-01,836.456,power
EU27_2020,2025-07-01,5992.648,power
FI,2025-07-01,3.0,power
FR,2025-07-01,95.917,power
GR,2025-07-01,468.271,power
HR,2025-07-01,60.2,power
HU,2025-07-01,120.7,power
IE,2025-07-01,271.891,power
IT,2025-07-01,1951.232,power
LT,2025-07-01,0.3,power
LU,2025-07-01,1.476,power
LV,2025-07-01,14.724,power
MT,2025-07-01,38.552,power
NL,2025-07-01,665.007,power
PL,2025-07-01,256.077,power
PT,2025-07-01,151.915,power
RO,2025-07-01,45.0,power
SE,2025-07-01,6.462,power
SI,2025-07-01,20.051,power
SK,2025-07-01,47.143,power
AT,2025-08-01,2.795,power
BE,2025-08-01,147.5,power
BG,2025-08-01,41.682,power
CY,2025-08-01,0.0,power
CZ,2025-08-01,21.956,power
DE,2025-08-01,629.0,power
DK,2025-08-01,0.872,power
EE,2025-08-01,5.908,power
ES,2025-08-01,820.107,power
EU27_2020,2025-08-01,5325.844,power
FI,2025-08-01,8.0,power
FR,2025-08-01,81.836,power
GR,2025-08-01,384.841,power
HR,2025-08-01,57.0,power
HU,2025-08-01,99.3,power
IE,2025-08-01,237.765,power
IT,2025-08-01,1551.033,power
LT,2025-08-01,2.4,power
LU,2025-08-01,1.403,power
LV,2025-08-01,15.635,power
MT,2025-08-01,38.02,power
NL,2025-08-01,683.98,power
PL,2025-08-01,224.023,power
PT,2025-08-01,156.714,power
RO,2025-08-01,48.0,power
SE,2025-08-01,7.352,power
SI,2025-08-01,19.646,power
SK,2025-08-01,39.074,power
AT,2025-09-01,29.5,power
BE,2025-09-01,137.2,power
BG,2025-09-01,42.32,power
CY,2025-09-01,0.0,power
CZ,2025-09-01,16.996,power
DE,2025-09-01,784.0,power
DK,2025-09-01,1.012,power
EE,2025-09-01,8.429,power
ES,2025-09-01,759.238,power
EU27_2020,2025-09-01,5471.459,power
FI,2025-09-01,6.0,power
FR,2025-09-01,25.796,power
GR,2025-09-01,339.486,power
HR,2025-09-01,47.6,power
HU,2025-09-01,114.4,power
IE,2025-09-01,202.527,power
IT,2025-09-01,1822.136,power
LT,2025-09-01,2.5,power
LU,2025-09-01,1.775,power
LV,2025-09-01,19.747,power
MT,2025-09-01,33.141,power
NL,2025-09-01,541.218,power
PL,2025-09-01,253.786,power
PT,2025-09-01,155.314,power
RO,2025-09-01,46.0,power
SE,2025-09-01,8.372,power
SI,2025-09-01,18.699,power
SK,2025-09-01,54.267,power
AT,2025-10-01,159.727,power
BE,2025-10-01,241.1,power
BG,2025-10-01,,power
CY,2025-10-01,0.0,power
CZ,2025-10-01,29.314,power
DE,2025-10-01,769.0,power
DK,2025-10-01,1.354,power
EE,2025-10-01,8.321,power
ES,2025-10-01,1015.153,power
EU27_2020,2025-10-01,6813.446,power
FI,2025-10-01,16.0,power
FR,2025-10-01,124.393,power
GR,2025-10-01,363.343,power
HR,2025-10-01,69.1,power
HU,2025-10-01,232.9,power
IE,2025-10-01,232.899,power
IT,2025-10-01,1995.333,power
LT,2025-10-01,10.1,power
LU,2025-10-01,2.311,power
LV,2025-10-01,35.052,power
MT,2025-10-01,29.841,power
NL,2025-10-01,724.056,power
PL,2025-10-01,365.462,power
PT,2025-10-01,162.29,power
RO,2025-10-01,114.0,power
SE,2025-10-01,10.345,power
SI,2025-10-01,29.25,power
SK,2025-10-01,72.802,power
AT,2025-11-01,0.0,power
BE,2025-11-01,247.6,power
BG,2025-11-01,,power
CY,2025-11-01,0.0,power
CZ,2025-11-01,,power
DE,2025-11-01,,power
DK,2025-11-01,8.743,power
EE,2025-11-01,,power
ES,2025-11-01,86.573,power
EU27_2020,2025-11-01,,power
FI,2025-11-01,16.0,power
FR,2025-11-01,,power
GR,2025-11-01,,power
HR,2025-11-01,85.2,power
HU,2025-11-01,,power
IE,2025-11-01,258.208,power
IT,2025-11-01,2131.06,power
LT,2025-11-01,,power
LU,2025-11-01,3.1,power
LV,2025-11-01,50.186,power
MT,2025-11-01,30.697,power
NL,2025-11-01,794.505,power
PL,2025-11-01,431.376,power
PT,2025-11-01,154.293,power
RO,2025-11-01,,power
SE,2025-11-01,,power
SI,2025-11-01,,power
SK,2025-11-01,0.0,power
